Authentication Failure,Month-Date,HH:mm:ss,Year,rhost,Packages
authentication failure,Jun 14,15:16:01,1993,rhost=218.188.2.4 ,
,Jun 14,15:16:02,1993,,
authentication failure,Jun 14,15:16:02,1993,rhost=218.188.2.4 ,
authentication failure,Jun 15,02:04:59,2088,rhost=220-135-151-1.hinet-ip.hinet.net ,
authentication failure,Jun 15,02:04:59,2088,rhost=220-135-151-1.hinet-ip.hinet.net ,
authentication failure,Jun 15,02:04:59,2088,rhost=220-135-151-1.hinet-ip.hinet.net ,
authentication failure,Jun 15,02:04:59,2088,rhost=220-135-151-1.hinet-ip.hinet.net ,
authentication failure,Jun 15,02:04:59,2088,rhost=220-135-151-1.hinet-ip.hinet.net ,
authentication failure,Jun 15,02:04:59,2089,rhost=220-135-151-1.hinet-ip.hinet.net ,
authentication failure,Jun 15,02:04:59,2089,rhost=220-135-151-1.hinet-ip.hinet.net ,
authentication failure,Jun 15,02:04:59,2089,rhost=220-135-151-1.hinet-ip.hinet.net ,
authentication failure,Jun 15,02:04:59,2089,rhost=220-135-151-1.hinet-ip.hinet.net ,
authentication failure,Jun 15,02:04:59,2089,rhost=220-135-151-1.hinet-ip.hinet.net ,
,Jun 15,04:06:18,2141,,
,Jun 15,04:06:19,2141,,
,Jun 15,04:06:20,,,
,Jun 15,04:12:42,2264,,
,Jun 15,04:12:43,2264,,
,Jun 15,12:12:34,2339,,
authentication failure,Jun 15,12:12:34,2339,rhost=218.188.2.4 ,
,Jun 15,12:12:34,2339,,
authentication failure,Jun 15,12:12:34,2339,rhost=218.188.2.4 ,
,Jun 15,12:12:34,2340,,
authentication failure,Jun 15,12:12:34,2340,rhost=218.188.2.4 ,
,Jun 15,12:12:34,2339,,
authentication failure,Jun 15,12:12:34,2339,rhost=218.188.2.4 ,
,Jun 15,12:12:34,2340,,
authentication failure,Jun 15,12:12:34,2340,rhost=218.188.2.4 ,
,Jun 15,12:12:34,2339,,
,Jun 15,12:12:34,2339,,
,Jun 15,12:12:34,2340,,
authentication failure,Jun 15,12:12:34,2339,rhost=218.188.2.4 ,
,Jun 15,12:12:34,2340,,
authentication failure,Jun 15,12:12:34,2339,rhost=218.188.2.4 ,
authentication failure,Jun 15,12:12:34,2340,rhost=218.188.2.4 ,
authentication failure,Jun 15,12:12:34,2340,rhost=218.188.2.4 ,
,Jun 15,12:12:34,2341,,
authentication failure,Jun 15,12:12:34,2341,rhost=218.188.2.4 ,
,Jun 15,12:13:19,2341,,
authentication failure,Jun 15,12:13:19,2341,rhost=218.188.2.4 ,
,Jun 15,12:13:20,2341,,
authentication failure,Jun 15,12:13:20,2341,rhost=218.188.2.4 ,
,Jun 15,14:53:32,2366,,
authentication failure,Jun 15,14:53:32,2366,rhost=061092085098.ctinets.com ,
,Jun 15,14:53:32,2366,,
authentication failure,Jun 15,14:53:32,2366,rhost=061092085098.ctinets.com ,
,Jun 15,14:53:32,2366,,
authentication failure,Jun 15,14:53:32,2366,rhost=061092085098.ctinets.com ,
,Jun 15,14:53:33,2366,,
authentication failure,Jun 15,14:53:33,2366,rhost=061092085098.ctinets.com ,
,Jun 15,14:53:34,2366,,
authentication failure,Jun 15,14:53:34,2366,rhost=061092085098.ctinets.com ,
,Jun 15,14:53:35,2367,,
authentication failure,Jun 15,14:53:35,2367,rhost=061092085098.ctinets.com ,
,Jun 15,14:53:35,2367,,
authentication failure,Jun 15,14:53:35,2367,rhost=061092085098.ctinets.com ,
,Jun 15,14:53:35,2367,,
authentication failure,Jun 15,14:53:35,2367,rhost=061092085098.ctinets.com ,
,Jun 15,14:53:36,2367,,
authentication failure,Jun 15,14:53:36,2367,rhost=061092085098.ctinets.com ,
,Jun 15,14:53:36,2367,,
authentication failure,Jun 15,14:53:36,2367,rhost=061092085098.ctinets.com ,
,Jun 15,20:05:31,2413,,
authentication failure,Jun 15,20:05:31,2413,rhost=d211-116-254-214.rev.krline.net ,
,Jun 15,20:05:31,2413,,
authentication failure,Jun 15,20:05:31,2413,rhost=d211-116-254-214.rev.krline.net ,
,Jun 15,20:05:31,2414,,
authentication failure,Jun 15,20:05:31,2414,rhost=d211-116-254-214.rev.krline.net ,
,Jun 15,20:05:31,2414,,
authentication failure,Jun 15,20:05:31,2414,rhost=d211-116-254-214.rev.krline.net ,
,Jun 15,20:05:31,2413,,
authentication failure,Jun 15,20:05:31,2413,rhost=d211-116-254-214.rev.krline.net ,
,Jun 16,04:10:22,2517,,
,Jun 16,04:10:23,2517,,
,Jun 16,04:10:24,,,
,Jun 16,04:16:17,2554,,
,Jun 16,04:16:18,2554,,
,Jun 17,04:03:33,2795,,
,Jun 17,04:03:34,2795,,
,Jun 17,04:03:36,,,
,Jun 17,04:09:43,2919,,
,Jun 17,04:09:45,2919,,
,Jun 17,07:07:00,2950,,
,Jun 17,07:07:00,2950,,
,Jun 17,07:07:00,2950,,
,Jun 17,07:07:00,2950,,
,Jun 17,07:07:00,2950,,
,Jun 17,07:07:00,2950,,
,Jun 17,07:07:02,2951,,
,Jun 17,07:07:04,2951,,
authentication failure,Jun 17,19:43:13,3056,rhost=211.46.224.253 ,
,Jun 17,20:29:26,3063,,
,Jun 17,20:34:57,3063,,
,Jun 17,20:55:06,3075,,
,Jun 17,20:55:06,3075,,
,Jun 17,20:55:06,3075,,
,Jun 17,20:55:06,3075,,
,Jun 17,20:55:06,3075,,
,Jun 17,20:55:07,3075,,
,Jun 17,20:55:07,3075,,
,Jun 18,01:30:59,3120,,
authentication failure,Jun 18,01:30:59,3120,rhost=adsl-70-242-75-179.dsl.ksc2mo.swbell.net ,
,Jun 18,01:30:59,3119,,
authentication failure,Jun 18,01:30:59,3119,rhost=adsl-70-242-75-179.dsl.ksc2mo.swbell.net ,
,Jun 18,01:30:59,3119,,
authentication failure,Jun 18,01:30:59,3119,rhost=adsl-70-242-75-179.dsl.ksc2mo.swbell.net ,
,Jun 18,01:30:59,3120,,
authentication failure,Jun 18,01:30:59,3120,rhost=adsl-70-242-75-179.dsl.ksc2mo.swbell.net ,
,Jun 18,01:30:59,3120,,
authentication failure,Jun 18,01:30:59,3120,rhost=adsl-70-242-75-179.dsl.ksc2mo.swbell.net ,
,Jun 18,01:30:59,3120,,
authentication failure,Jun 18,01:30:59,3120,rhost=adsl-70-242-75-179.dsl.ksc2mo.swbell.net ,
,Jun 18,01:30:59,3120,,
authentication failure,Jun 18,01:30:59,3120,rhost=adsl-70-242-75-179.dsl.ksc2mo.swbell.net ,
,Jun 18,01:30:59,3120,,
authentication failure,Jun 18,01:30:59,3120,rhost=adsl-70-242-75-179.dsl.ksc2mo.swbell.net ,
,Jun 18,01:30:59,3120,,
authentication failure,Jun 18,01:30:59,3120,rhost=adsl-70-242-75-179.dsl.ksc2mo.swbell.net ,
,Jun 18,01:30:59,3120,,
authentication failure,Jun 18,01:30:59,3120,rhost=adsl-70-242-75-179.dsl.ksc2mo.swbell.net ,
,Jun 18,02:08:10,3127,,
,Jun 18,02:08:10,3127,,
,Jun 18,02:08:10,3127,,
,Jun 18,02:08:10,3127,,
,Jun 18,02:08:10,3127,,
,Jun 18,02:08:10,3127,,
,Jun 18,02:08:10,3127,,
,Jun 18,02:08:11,3127,,
,Jun 18,02:08:11,3128,,
,Jun 18,02:08:11,3128,,
,Jun 18,02:08:11,3128,,
,Jun 18,02:08:11,3128,,
,Jun 18,02:08:12,3128,,
,Jun 18,02:08:12,3128,,
,Jun 18,02:08:12,3128,,
,Jun 18,02:23:10,3127,,
,Jun 18,04:07:05,3179,,
,Jun 18,04:07:06,3179,,
,Jun 18,04:07:06,,,
,Jun 18,04:12:42,3216,,
,Jun 18,04:12:43,3216,,
,Jun 19,04:08:55,2192,,
,Jun 19,04:08:55,2192,,
,Jun 19,04:08:57,,,
,Jun 19,04:09:02,,,
,Jun 19,04:09:11,,,
,Jun 19,04:09:11,,,
,Jun 19,04:15:18,3676,,
,Jun 19,04:15:18,3676,,
,Jun 20,03:40:59,8829,,
,Jun 20,03:40:59,8824,,
,Jun 20,03:40:59,8828,,
,Jun 20,03:40:59,8822,,
,Jun 20,03:40:59,8833,,
,Jun 20,03:40:59,8827,,
,Jun 20,03:40:59,8823,,
,Jun 20,03:40:59,8825,,
,Jun 20,03:40:59,8826,,
,Jun 20,03:40:59,8832,,
,Jun 20,03:40:59,8830,,
,Jun 20,03:40:59,8831,,
,Jun 20,04:02:54,9187,,
,Jun 20,04:02:54,9187,,
,Jun 20,04:02:55,,,
,Jun 20,04:08:37,9558,,
,Jun 20,04:08:38,9558,,
,Jun 20,04:44:39,2318,,
,Jun 20,09:20:05,1003,,
authentication failure,Jun 20,09:20:05,1003,rhost=65.166.159.14 ,
,Jun 20,09:20:05,1003,,
authentication failure,Jun 20,09:20:05,1003,rhost=65.166.159.14 ,
,Jun 20,09:20:05,1003,,
authentication failure,Jun 20,09:20:05,1003,rhost=65.166.159.14 ,
,Jun 20,09:20:06,1004,,
authentication failure,Jun 20,09:20:06,1004,rhost=65.166.159.14 ,
,Jun 20,09:20:07,1004,,
authentication failure,Jun 20,09:20:07,1004,rhost=65.166.159.14 ,
,Jun 20,09:20:07,1004,,
authentication failure,Jun 20,09:20:07,1004,rhost=65.166.159.14 ,
,Jun 20,09:20:07,1004,,
authentication failure,Jun 20,09:20:07,1004,rhost=65.166.159.14 ,
,Jun 20,09:20:07,1004,,
authentication failure,Jun 20,09:20:07,1004,rhost=65.166.159.14 ,
,Jun 20,09:20:08,1005,,
authentication failure,Jun 20,09:20:08,1005,rhost=65.166.159.14 ,
,Jun 20,09:20:08,1005,,
authentication failure,Jun 20,09:20:08,1005,rhost=65.166.159.14 ,
,Jun 21,04:06:57,1209,,
,Jun 21,04:06:58,1209,,
,Jun 21,04:06:59,,,
,Jun 21,04:13:03,1332,,
,Jun 21,04:13:04,1332,,
authentication failure,Jun 21,08:56:36,1428,rhost=217.60.212.66 ,
authentication failure,Jun 21,08:56:36,1427,rhost=217.60.212.66 ,
authentication failure,Jun 21,08:56:36,1428,rhost=217.60.212.66 ,
authentication failure,Jun 21,08:56:36,1427,rhost=217.60.212.66 ,
authentication failure,Jun 21,08:56:36,1427,rhost=217.60.212.66 ,
authentication failure,Jun 21,08:56:36,1428,rhost=217.60.212.66 ,
authentication failure,Jun 22,03:17:26,1620,rhost=n219076184117.netvigator.com ,
authentication failure,Jun 22,03:17:26,1620,rhost=n219076184117.netvigator.com ,
authentication failure,Jun 22,03:17:35,1621,rhost=n219076184117.netvigator.com ,
authentication failure,Jun 22,03:17:36,1621,rhost=n219076184117.netvigator.com ,
authentication failure,Jun 22,03:17:36,1621,rhost=n219076184117.netvigator.com ,
authentication failure,Jun 22,03:17:45,1621,rhost=n219076184117.netvigator.com ,
authentication failure,Jun 22,03:17:46,1621,rhost=n219076184117.netvigator.com ,
authentication failure,Jun 22,03:17:46,1621,rhost=n219076184117.netvigator.com ,
authentication failure,Jun 22,03:17:52,1622,rhost=n219076184117.netvigator.com ,
authentication failure,Jun 22,03:17:55,1622,rhost=n219076184117.netvigator.com ,
authentication failure,Jun 22,03:17:56,1622,rhost=n219076184117.netvigator.com ,
authentication failure,Jun 22,03:17:56,1622,rhost=n219076184117.netvigator.com ,
authentication failure,Jun 22,03:18:02,1623,rhost=n219076184117.netvigator.com ,
authentication failure,Jun 22,03:18:05,1623,rhost=n219076184117.netvigator.com ,
authentication failure,Jun 22,03:18:06,1623,rhost=n219076184117.netvigator.com ,
authentication failure,Jun 22,03:18:06,1623,rhost=n219076184117.netvigator.com ,
authentication failure,Jun 22,03:18:10,1623,rhost=n219076184117.netvigator.com ,
authentication failure,Jun 22,03:18:12,1624,rhost=n219076184117.netvigator.com ,
authentication failure,Jun 22,03:18:15,1624,rhost=n219076184117.netvigator.com ,
authentication failure,Jun 22,03:18:16,1624,rhost=n219076184117.netvigator.com ,
authentication failure,Jun 22,03:18:16,1624,rhost=n219076184117.netvigator.com ,
authentication failure,Jun 22,03:18:20,1624,rhost=n219076184117.netvigator.com ,
authentication failure,Jun 22,03:18:22,1625,rhost=n219076184117.netvigator.com ,
,Jun 22,04:05:58,1666,,
,Jun 22,04:05:59,1666,,
,Jun 22,04:06:00,,,
,Jun 22,04:11:42,1703,,
,Jun 22,04:11:42,1703,,
,Jun 22,04:30:55,1712,,
authentication failure,Jun 22,04:30:55,1712,rhost=ip-216-69-169-168.ip.secureserver.net ,
,Jun 22,04:30:55,1712,,
authentication failure,Jun 22,04:30:55,1712,rhost=ip-216-69-169-168.ip.secureserver.net ,
,Jun 22,04:30:55,1712,,
authentication failure,Jun 22,04:30:55,1712,rhost=ip-216-69-169-168.ip.secureserver.net ,
,Jun 22,04:30:55,1712,,
authentication failure,Jun 22,04:30:55,1712,rhost=ip-216-69-169-168.ip.secureserver.net ,
,Jun 22,04:30:55,1713,,
authentication failure,Jun 22,04:30:55,1713,rhost=ip-216-69-169-168.ip.secureserver.net ,
,Jun 22,04:30:55,1713,,
authentication failure,Jun 22,04:30:55,1713,rhost=ip-216-69-169-168.ip.secureserver.net ,
,Jun 22,04:30:55,1713,,
authentication failure,Jun 22,04:30:55,1713,rhost=ip-216-69-169-168.ip.secureserver.net ,
,Jun 22,04:30:55,1713,,
authentication failure,Jun 22,04:30:55,1713,rhost=ip-216-69-169-168.ip.secureserver.net ,
,Jun 22,04:30:56,1713,,
authentication failure,Jun 22,04:30:56,1713,rhost=ip-216-69-169-168.ip.secureserver.net ,
,Jun 22,04:30:56,1714,,
authentication failure,Jun 22,04:30:56,1714,rhost=ip-216-69-169-168.ip.secureserver.net ,
,Jun 22,13:16:30,1788,,
,Jun 22,13:16:30,1788,,
,Jun 22,13:16:30,1788,,
,Jun 22,13:16:30,1788,,
,Jun 22,13:16:30,1789,,
,Jun 22,13:16:30,1789,,
,Jun 22,13:16:30,1787,,
,Jun 22,13:16:30,1789,,
,Jun 22,13:16:30,1787,,
,Jun 22,13:16:30,1787,,
,Jun 22,13:16:30,1787,,
,Jun 22,13:16:30,1787,,
,Jun 22,13:16:30,1788,,
,Jun 22,13:16:30,1787,,
,Jun 22,13:16:30,1788,,
,Jun 22,13:16:30,1787,,
,Jun 22,13:16:31,1787,,
,Jun 22,13:16:31,1788,,
,Jun 22,13:16:31,1788,,
,Jun 22,13:16:31,1788,,
,Jun 22,13:16:31,1788,,
,Jun 22,13:16:31,1789,,
,Jun 22,13:16:32,1789,,
authentication failure,Jun 23,01:41:29,1896,rhost=209.152.168.249 ,
authentication failure,Jun 23,01:41:29,1897,rhost=209.152.168.249 ,
authentication failure,Jun 23,01:41:29,1897,rhost=209.152.168.249 ,
authentication failure,Jun 23,01:41:29,1897,rhost=209.152.168.249 ,
authentication failure,Jun 23,01:41:29,1897,rhost=209.152.168.249 ,
authentication failure,Jun 23,01:41:30,1898,rhost=209.152.168.249 ,
authentication failure,Jun 23,01:41:30,1898,rhost=209.152.168.249 ,
authentication failure,Jun 23,01:41:30,1898,rhost=209.152.168.249 ,
authentication failure,Jun 23,01:41:30,1897,rhost=209.152.168.249 ,
authentication failure,Jun 23,01:41:32,1896,rhost=209.152.168.249 ,
,Jun 23,02:55:14,1908,,
authentication failure,Jun 23,02:55:14,1908,rhost=200.60.37.201 ,
,Jun 23,04:05:28,1953,,
,Jun 23,04:05:29,1953,,
,Jun 23,04:05:30,,,
,Jun 23,04:13:08,2418,,
,Jun 23,04:13:09,2418,,
authentication failure,Jun 23,23:30:03,2618,rhost=218.22.3.51 ,
authentication failure,Jun 23,23:30:03,2618,rhost=218.22.3.51 ,
authentication failure,Jun 23,23:30:04,2619,rhost=218.22.3.51 ,
authentication failure,Jun 23,23:30:04,2618,rhost=218.22.3.51 ,
authentication failure,Jun 23,23:30:04,2618,rhost=218.22.3.51 ,
authentication failure,Jun 23,23:30:04,2618,rhost=218.22.3.51 ,
authentication failure,Jun 23,23:30:05,2619,rhost=218.22.3.51 ,
authentication failure,Jun 23,23:30:05,2619,rhost=218.22.3.51 ,
authentication failure,Jun 23,23:30:05,2619,rhost=218.22.3.51 ,
,Jun 24,04:05:34,2693,,
,Jun 24,04:05:35,2693,,
,Jun 24,04:05:35,,,
,Jun 24,04:11:12,2731,,
,Jun 24,04:11:12,2731,,
,Jun 24,18:55:11,2856,,
,Jun 24,18:55:11,2856,,
,Jun 24,18:55:11,2856,,
,Jun 24,18:55:11,2856,,
,Jun 24,18:55:11,2856,,
,Jun 24,18:55:11,2856,,
,Jun 24,18:55:11,2856,,
,Jun 24,18:55:18,2857,,
,Jun 24,18:55:18,2857,,
,Jun 24,18:55:18,2856,,
,Jun 24,18:55:18,2857,,
,Jun 24,18:55:18,2857,,
,Jun 24,18:55:18,2857,,
,Jun 25,04:04:25,2969,,
,Jun 25,04:04:25,2969,,
,Jun 25,04:04:26,,,
,Jun 25,04:10:34,3093,,
,Jun 25,04:10:35,3093,,
,Jun 25,04:41:49,3103,,
authentication failure,Jun 25,04:41:49,3103,rhost=massive.merukuru.org ,
,Jun 25,04:41:49,3103,,
authentication failure,Jun 25,04:41:49,3103,rhost=massive.merukuru.org ,
,Jun 25,04:41:49,3103,,
authentication failure,Jun 25,04:41:49,3103,rhost=massive.merukuru.org ,
,Jun 25,04:41:49,3103,,
authentication failure,Jun 25,04:41:49,3103,rhost=massive.merukuru.org ,
,Jun 25,04:41:51,3102,,
authentication failure,Jun 25,04:41:51,3102,rhost=massive.merukuru.org ,
,Jun 25,04:41:51,3102,,
authentication failure,Jun 25,04:41:51,3102,rhost=massive.merukuru.org ,
,Jun 25,04:41:51,3102,,
authentication failure,Jun 25,04:41:51,3102,rhost=massive.merukuru.org ,
,Jun 25,04:41:51,3102,,
authentication failure,Jun 25,04:41:51,3102,rhost=massive.merukuru.org ,
,Jun 25,04:41:51,3102,,
authentication failure,Jun 25,04:41:51,3102,rhost=massive.merukuru.org ,
,Jun 25,04:41:51,3102,,
authentication failure,Jun 25,04:41:51,3102,rhost=massive.merukuru.org ,
,Jun 25,09:20:24,3147,,
,Jun 25,09:20:24,3147,,
,Jun 25,09:20:24,3147,,
,Jun 25,09:20:24,3147,,
,Jun 25,09:20:24,3147,,
,Jun 25,09:20:24,3146,,
,Jun 25,09:20:24,3147,,
,Jun 25,09:20:24,3146,,
,Jun 25,09:20:24,3147,,
,Jun 25,09:20:24,3146,,
,Jun 25,09:20:24,3146,,
,Jun 25,09:20:24,3147,,
,Jun 25,09:20:24,3146,,
,Jun 25,09:20:24,3146,,
,Jun 25,09:20:24,3146,,
,Jun 25,09:20:24,3146,,
,Jun 25,09:20:24,3146,,
,Jun 25,09:20:24,3146,,
,Jun 25,19:25:30,3232,,
,Jun 25,19:25:30,3232,,
,Jun 25,19:25:30,3232,,
,Jun 25,19:25:30,3232,,
,Jun 25,19:25:30,3232,,
,Jun 25,19:25:30,3232,,
,Jun 25,19:25:30,3232,,
,Jun 25,19:25:30,3233,,
,Jun 25,19:25:30,3233,,
,Jun 25,19:25:31,3233,,
,Jun 25,19:25:31,3233,,
,Jun 25,19:25:31,3233,,
,Jun 25,19:25:34,3233,,
,Jun 26,04:04:17,,,
,Jun 26,04:04:17,,,
,Jun 26,04:04:19,,,
,Jun 26,04:04:24,,,
,Jun 26,04:04:31,,,
,Jun 26,04:04:31,,,
,Jun 26,04:10:02,1546,,
,Jun 26,04:10:04,1546,,
,Jun 27,04:02:47,7031,,
,Jun 27,04:02:48,7031,,
,Jun 27,04:02:49,,,
,Jun 27,04:08:56,8269,,
,Jun 27,04:08:57,8269,,
authentication failure,Jun 27,08:05:37,8660,rhost=troi.bluesky-technologies.com ,
authentication failure,Jun 27,08:05:39,8664,rhost=troi.bluesky-technologies.com ,
authentication failure,Jun 27,08:05:39,8663,rhost=troi.bluesky-technologies.com ,
authentication failure,Jun 27,08:05:39,8662,rhost=troi.bluesky-technologies.com ,
authentication failure,Jun 27,08:05:39,8661,rhost=troi.bluesky-technologies.com ,
,Jun 28,04:03:15,1073,,
,Jun 28,04:03:16,1073,,
,Jun 28,04:03:17,,,
,Jun 28,04:09:00,1110,,
,Jun 28,04:09:01,1110,,
authentication failure,Jun 28,08:10:24,1151,rhost=61.53.154.93 ,
authentication failure,Jun 28,08:10:24,1151,rhost=61.53.154.93 ,
authentication failure,Jun 28,08:10:24,1152,rhost=61.53.154.93 ,
authentication failure,Jun 28,08:10:24,1151,rhost=61.53.154.93 ,
authentication failure,Jun 28,08:10:25,1151,rhost=61.53.154.93 ,
authentication failure,Jun 28,08:10:26,1151,rhost=61.53.154.93 ,
authentication failure,Jun 28,08:10:28,1151,rhost=61.53.154.93 ,
authentication failure,Jun 28,08:10:29,1150,rhost=61.53.154.93 ,
authentication failure,Jun 28,08:10:30,1151,rhost=61.53.154.93 ,
authentication failure,Jun 28,20:58:46,1266,rhost=62-192-102-94.dsl.easynet.nl ,
authentication failure,Jun 28,20:58:46,1266,rhost=62-192-102-94.dsl.easynet.nl ,
authentication failure,Jun 28,20:58:47,1266,rhost=62-192-102-94.dsl.easynet.nl ,
authentication failure,Jun 28,20:58:50,1267,rhost=62-192-102-94.dsl.easynet.nl ,
authentication failure,Jun 28,20:58:52,1267,rhost=62-192-102-94.dsl.easynet.nl ,
authentication failure,Jun 28,20:58:53,1267,rhost=62-192-102-94.dsl.easynet.nl ,
authentication failure,Jun 28,20:58:53,1267,rhost=62-192-102-94.dsl.easynet.nl ,
authentication failure,Jun 28,20:58:55,1267,rhost=62-192-102-94.dsl.easynet.nl ,
authentication failure,Jun 28,20:58:55,1268,rhost=62-192-102-94.dsl.easynet.nl ,
authentication failure,Jun 28,20:58:55,1268,rhost=62-192-102-94.dsl.easynet.nl ,
,Jun 28,21:42:46,1275,,
authentication failure,Jun 28,21:42:46,1275,rhost=211.115.206.155 ,
,Jun 28,21:42:46,1275,,
authentication failure,Jun 28,21:42:46,1275,rhost=211.115.206.155 ,
,Jun 28,21:42:46,1275,,
authentication failure,Jun 28,21:42:46,1275,rhost=211.115.206.155 ,
,Jun 28,21:42:46,1275,,
authentication failure,Jun 28,21:42:46,1275,rhost=211.115.206.155 ,
,Jun 28,21:42:46,1275,,
authentication failure,Jun 28,21:42:46,1275,rhost=211.115.206.155 ,
,Jun 29,03:22:22,1326,,
,Jun 29,03:22:22,1325,,
,Jun 29,03:22:22,1326,,
,Jun 29,03:22:22,1325,,
,Jun 29,03:22:22,1325,,
,Jun 29,03:22:22,1326,,
,Jun 29,03:22:22,1325,,
,Jun 29,03:22:22,1325,,
,Jun 29,03:22:22,1325,,
,Jun 29,03:22:22,1325,,
,Jun 29,03:22:22,1325,,
,Jun 29,03:22:22,1326,,
,Jun 29,03:22:22,1325,,
,Jun 29,03:22:22,1326,,
,Jun 29,03:22:22,1324,,
,Jun 29,03:22:22,1324,,
,Jun 29,03:22:22,1324,,
,Jun 29,03:22:22,1324,,
,Jun 29,03:22:22,1324,,
,Jun 29,03:22:22,1325,,
,Jun 29,03:22:22,1324,,
,Jun 29,03:22:22,1324,,
,Jun 29,03:22:23,1326,,
,Jun 29,04:03:10,1366,,
,Jun 29,04:03:11,1366,,
,Jun 29,04:03:12,,,
,Jun 29,04:09:29,1489,,
,Jun 29,04:09:30,1489,,
authentication failure,Jun 29,10:08:19,1548,rhost=csnsu.nsuok.edu ,
authentication failure,Jun 29,10:08:19,1547,rhost=csnsu.nsuok.edu ,
authentication failure,Jun 29,10:08:19,1547,rhost=csnsu.nsuok.edu ,
authentication failure,Jun 29,10:08:19,1547,rhost=csnsu.nsuok.edu ,
authentication failure,Jun 29,10:08:19,1548,rhost=csnsu.nsuok.edu ,
authentication failure,Jun 29,10:08:19,1547,rhost=csnsu.nsuok.edu ,
authentication failure,Jun 29,10:08:19,1548,rhost=csnsu.nsuok.edu ,
authentication failure,Jun 29,10:08:20,1549,rhost=csnsu.nsuok.edu ,
authentication failure,Jun 29,10:08:20,1549,rhost=csnsu.nsuok.edu ,
authentication failure,Jun 29,10:08:20,1549,rhost=csnsu.nsuok.edu ,
,Jun 29,10:48:01,1554,,
,Jun 29,10:48:01,1554,,
,Jun 29,10:48:01,1554,,
,Jun 29,10:48:01,1554,,
,Jun 29,10:48:01,1554,,
,Jun 29,10:48:01,1554,,
,Jun 29,10:48:05,1554,,
,Jun 29,10:48:06,1554,,
,Jun 29,10:48:06,1555,,
,Jun 29,10:48:06,1555,,
,Jun 29,10:48:08,1555,,
,Jun 29,10:48:08,1555,,
,Jun 29,10:48:08,1555,,
,Jun 29,10:48:10,1555,,
,Jun 29,10:48:12,1555,,
,Jun 29,10:48:12,1555,,
,Jun 29,10:48:13,1555,,
,Jun 29,10:48:15,1555,,
,Jun 29,10:48:17,1556,,
,Jun 29,10:48:17,1556,,
,Jun 29,10:48:18,1556,,
,Jun 29,10:48:20,1556,,
,Jun 29,10:48:21,1556,,
authentication failure,Jun 29,12:11:53,1569,rhost=h64-187-1-131.gtconnect.net ,
authentication failure,Jun 29,12:11:55,1569,rhost=h64-187-1-131.gtconnect.net ,
authentication failure,Jun 29,12:11:57,1569,rhost=h64-187-1-131.gtconnect.net ,
authentication failure,Jun 29,12:11:59,1569,rhost=h64-187-1-131.gtconnect.net ,
authentication failure,Jun 29,12:11:59,1570,rhost=h64-187-1-131.gtconnect.net ,
authentication failure,Jun 29,12:12:01,1570,rhost=h64-187-1-131.gtconnect.net ,
authentication failure,Jun 29,12:12:02,1570,rhost=h64-187-1-131.gtconnect.net ,
authentication failure,Jun 29,12:12:03,1570,rhost=h64-187-1-131.gtconnect.net ,
authentication failure,Jun 29,12:12:03,1570,rhost=h64-187-1-131.gtconnect.net ,
authentication failure,Jun 29,12:12:05,1571,rhost=h64-187-1-131.gtconnect.net ,
authentication failure,Jun 29,12:12:05,1571,rhost=h64-187-1-131.gtconnect.net ,
authentication failure,Jun 29,12:12:06,1571,rhost=h64-187-1-131.gtconnect.net ,
authentication failure,Jun 29,12:12:10,1571,rhost=h64-187-1-131.gtconnect.net ,
,Jun 29,14:44:35,1591,,
,Jun 29,14:44:35,1592,,
,Jun 29,14:44:35,1591,,
,Jun 29,14:44:35,1591,,
,Jun 29,14:44:35,1592,,
,Jun 29,14:44:35,1592,,
,Jun 29,14:44:35,1592,,
,Jun 30,04:03:41,1740,,
,Jun 30,04:03:42,1740,,
,Jun 30,04:03:43,,,
,Jun 30,04:09:30,1777,,
,Jun 30,04:09:31,1777,,
,Jun 30,12:48:38,1855,,
authentication failure,Jun 30,12:48:38,1855,rhost=biblioteka.wsi.edu.pl ,
,Jun 30,12:48:41,1855,,
authentication failure,Jun 30,12:48:41,1855,rhost=biblioteka.wsi.edu.pl ,
,Jun 30,12:48:41,1855,,
authentication failure,Jun 30,12:48:41,1855,rhost=biblioteka.wsi.edu.pl ,
,Jun 30,12:48:41,1854,,
authentication failure,Jun 30,12:48:41,1854,rhost=biblioteka.wsi.edu.pl ,
,Jun 30,12:48:41,1854,,
authentication failure,Jun 30,12:48:41,1854,rhost=biblioteka.wsi.edu.pl ,
,Jun 30,12:48:41,1854,,
authentication failure,Jun 30,12:48:41,1854,rhost=biblioteka.wsi.edu.pl ,
,Jun 30,12:48:41,1854,,
authentication failure,Jun 30,12:48:41,1854,rhost=biblioteka.wsi.edu.pl ,
,Jun 30,12:48:41,1854,,
authentication failure,Jun 30,12:48:41,1854,rhost=biblioteka.wsi.edu.pl ,
authentication failure,Jun 30,19:03:00,1908,rhost=60.30.224.116 ,
authentication failure,Jun 30,19:03:00,1909,rhost=60.30.224.116 ,
authentication failure,Jun 30,19:03:00,1908,rhost=60.30.224.116 ,
authentication failure,Jun 30,19:03:01,1909,rhost=60.30.224.116 ,
authentication failure,Jun 30,19:03:01,1908,rhost=60.30.224.116 ,
authentication failure,Jun 30,19:03:03,1909,rhost=60.30.224.116 ,
authentication failure,Jun 30,19:03:04,1909,rhost=60.30.224.116 ,
authentication failure,Jun 30,19:03:04,1910,rhost=60.30.224.116 ,
authentication failure,Jun 30,19:03:05,1910,rhost=60.30.224.116 ,
authentication failure,Jun 30,19:03:07,1909,rhost=60.30.224.116 ,
authentication failure,Jun 30,20:16:17,1920,rhost=195.129.24.210 ,
authentication failure,Jun 30,20:16:17,1920,rhost=195.129.24.210 ,
authentication failure,Jun 30,20:16:26,1920,rhost=195.129.24.210 ,
authentication failure,Jun 30,20:16:26,1920,rhost=195.129.24.210 ,
authentication failure,Jun 30,20:16:30,1922,rhost=195.129.24.210 ,
,Jun 30,20:53:04,1927,,
,Jun 30,20:53:04,1927,,
,Jun 30,20:53:04,1928,,
,Jun 30,20:53:04,1928,,
,Jun 30,20:53:04,1928,,
,Jun 30,20:53:04,1928,,
,Jun 30,20:53:04,1927,,
,Jun 30,20:53:04,1927,,
,Jun 30,20:53:04,1927,,
,Jun 30,20:53:04,1927,,
,Jun 30,20:53:04,1926,,
,Jun 30,20:53:04,1926,,
,Jun 30,20:53:04,1926,,
,Jun 30,20:53:04,1928,,
,Jun 30,20:53:04,1927,,
,Jun 30,20:53:04,1926,,
,Jun 30,20:53:04,1928,,
,Jun 30,20:53:04,1927,,
,Jun 30,20:53:06,1926,,
,Jun 30,20:53:06,1926,,
,Jun 30,20:53:06,1926,,
,Jun 30,20:53:06,1926,,
,Jun 30,20:53:06,1927,,
,Jun 30,20:53:06,1927,,
,Jun 30,20:53:06,1927,,
,Jun 30,20:53:06,1927,,
,Jun 30,20:53:06,1927,,
,Jun 30,20:53:06,1927,,
,Jun 30,20:53:06,1927,,
,Jun 30,20:53:06,1927,,
,Jun 30,20:53:06,1927,,
,Jun 30,20:53:06,1927,,
,Jun 30,20:53:06,1927,,
,Jun 30,20:53:06,1927,,
,Jun 30,20:53:06,1928,,
,Jun 30,20:53:06,1928,,
,Jun 30,20:53:06,1928,,
,Jun 30,20:53:06,1928,,
,Jun 30,20:53:06,1928,,
,Jun 30,20:53:06,1928,,
,Jun 30,20:53:06,1928,,
,Jun 30,20:53:06,1928,,
,Jun 30,20:53:06,1928,,
,Jun 30,20:53:06,1928,,
,Jun 30,20:53:06,1928,,
,Jun 30,20:53:06,1928,,
,Jun 30,22:16:32,1943,,
,Jun 30,22:16:32,1943,,
,Jun 30,22:16:32,1943,,
,Jun 30,22:16:32,1943,,
,Jun 30,22:16:32,1943,,
,Jun 30,22:16:32,1943,,
,Jun 30,22:16:32,1943,,
,Jun 30,22:16:32,1943,,
,Jun 30,22:16:32,1943,,
,Jun 30,22:16:32,1943,,
,Jun 30,22:16:32,1943,,
,Jun 30,22:16:32,1944,,
,Jun 30,22:16:32,1943,,
,Jun 30,22:16:32,1943,,
,Jun 30,22:16:33,1943,,
,Jun 30,22:16:33,1943,,
,Jun 30,22:16:33,1943,,
,Jun 30,22:16:33,1943,,
,Jun 30,22:16:33,1943,,
,Jun 30,22:16:33,1944,,
authentication failure,,00:21:28,1963,rhost=60.30.224.116 ,
authentication failure,,00:21:28,1962,rhost=60.30.224.116 ,
authentication failure,,00:21:30,1964,rhost=60.30.224.116 ,
authentication failure,,00:21:30,1964,rhost=60.30.224.116 ,
authentication failure,,00:21:30,1963,rhost=60.30.224.116 ,
authentication failure,,00:21:31,1964,rhost=60.30.224.116 ,
authentication failure,,00:21:31,1963,rhost=60.30.224.116 ,
authentication failure,,00:21:32,1963,rhost=60.30.224.116 ,
authentication failure,,00:21:32,1964,rhost=60.30.224.116 ,
authentication failure,,00:21:35,1963,rhost=60.30.224.116 ,
,,04:05:17,2029,,
,,04:05:18,2029,,
,,04:05:19,,,
,,04:11:35,2153,,
,,04:11:36,2153,,
,,05:02:26,2168,,
,,05:02:26,2168,,
,,05:02:26,2169,,
,,05:02:26,2169,,
,,05:02:26,2169,,
,,05:02:26,2169,,
,,05:02:27,2169,,
,,05:02:27,2169,,
,,07:57:30,2195,,
,,07:57:30,2195,,
,,07:57:30,2195,,
,,07:57:30,2195,,
,,07:57:30,2195,,
,,07:57:30,2195,,
,,07:57:30,2195,,
,,07:57:30,2195,,
,,07:57:30,2195,,
,,07:57:30,2194,,
,,07:57:30,2195,,
,,07:57:30,2194,,
,,07:57:30,2194,,
,,07:57:30,2194,,
,,07:57:30,2193,,
,,07:57:30,2194,,
,,07:57:30,2194,,
,,07:57:30,2194,,
,,07:57:30,2194,,
,,07:57:30,2194,,
,,07:57:30,2193,,
,,07:57:30,2194,,
,,07:57:30,2193,,
,,09:14:43,2209,,
,,09:14:43,2210,,
,,09:14:43,2210,,
,,09:14:43,2210,,
,,09:14:44,2209,,
,,09:14:44,2211,,
,,09:14:44,2210,,
,,09:14:44,2211,,
authentication failure,,10:56:41,2227,rhost=195.129.24.210 ,
authentication failure,,10:56:41,2226,rhost=195.129.24.210 ,
authentication failure,,10:56:41,2227,rhost=195.129.24.210 ,
authentication failure,,10:56:42,2227,rhost=195.129.24.210 ,
authentication failure,,10:56:42,2227,rhost=195.129.24.210 ,
authentication failure,,10:56:42,2227,rhost=195.129.24.210 ,
authentication failure,,10:56:43,2226,rhost=195.129.24.210 ,
authentication failure,,10:56:43,2227,rhost=195.129.24.210 ,
authentication failure,,10:56:44,2227,rhost=195.129.24.210 ,
authentication failure,,10:56:44,2227,rhost=195.129.24.210 ,
,,01:41:32,2353,,
,,01:41:32,2353,,
,,01:41:32,2353,,
,,01:41:32,2353,,
,,01:41:32,2353,,
,,01:41:32,2353,,
,,01:41:32,2353,,
,,01:41:32,2353,,
,,01:41:33,2354,,
,,01:41:33,2354,,
,,01:41:33,2354,,
,,01:41:33,2354,,
,,01:41:33,2354,,
,,01:41:33,2354,,
,,01:41:33,2354,,
,,01:41:33,2354,,
,,04:04:02,2411,,
,,04:04:02,2411,,
,,04:04:03,,,
,,04:09:53,2451,,
,,04:09:54,2451,,
,,04:15:33,2458,,
authentication failure,,04:15:33,2458,rhost=zummit.com ,
,,04:15:33,2458,,
authentication failure,,04:15:33,2458,rhost=zummit.com ,
,,04:15:33,2459,,
authentication failure,,04:15:33,2459,rhost=zummit.com ,
,,04:15:43,2457,,
authentication failure,,04:15:43,2457,rhost=zummit.com ,
,,04:15:43,2457,,
authentication failure,,04:15:43,2457,rhost=zummit.com ,
,,04:15:43,2457,,
authentication failure,,04:15:43,2457,rhost=zummit.com ,
,,04:15:43,2457,,
authentication failure,,04:15:43,2457,rhost=zummit.com ,
,,04:15:43,2457,,
authentication failure,,04:15:43,2457,rhost=zummit.com ,
,,04:15:43,2458,,
authentication failure,,04:15:43,2458,rhost=zummit.com ,
,,04:15:43,2458,,
authentication failure,,04:15:43,2458,rhost=zummit.com ,
,,04:07:47,2696,,
,,04:07:48,2696,,
,,04:07:49,,,
,,04:07:55,,,
,,04:08:03,,,
,,04:08:03,,,
,,04:14:00,2841,,
,,04:14:01,2841,,
,,10:05:25,3206,,
,,10:05:25,3206,,
,,10:05:25,3207,,
,,10:05:25,3205,,
,,10:05:25,3206,,
,,10:05:25,3206,,
,,10:05:25,3206,,
,,10:05:25,3206,,
,,10:05:25,3206,,
,,10:05:25,3205,,
,,10:05:25,3206,,
,,10:05:25,3207,,
,,10:05:25,3205,,
,,10:05:25,3205,,
,,10:05:25,3205,,
,,10:05:25,3205,,
,,10:05:25,3205,,
,,10:05:25,3205,,
,,10:05:25,3206,,
,,10:05:25,3205,,
,,10:05:25,3206,,
,,10:05:25,3205,,
,,10:05:25,3204,,
,,23:16:09,2005,,
,,23:16:09,2005,,
,,23:16:09,2005,,
,,23:16:09,2005,,
,,23:16:09,2005,,
,,23:16:09,2005,,
,,23:16:09,2005,,
,,23:16:09,2005,,
,,23:16:09,2005,,
,,23:16:09,2005,,
,,23:16:09,2005,,
,,23:16:09,2005,,
,,23:16:09,2005,,
,,23:16:09,2005,,
,,23:16:09,2005,,
,,23:16:09,2005,,
,,23:16:09,2005,,
,,23:16:09,2005,,
,,23:16:09,2005,,
,,23:16:09,2005,,
,,23:16:09,2005,,
,,23:16:09,2005,,
,,23:16:09,2005,,
,,04:03:06,1583,,
,,04:03:07,1583,,
,,04:03:08,,,
,,04:08:48,1965,,
,,04:08:49,1965,,
authentication failure,,09:33:09,2543,rhost=210.76.59.29 ,
authentication failure,,09:33:10,2544,rhost=210.76.59.29 ,
authentication failure,,09:33:14,2547,rhost=210.76.59.29 ,
,,12:52:44,2839,,
,,12:52:44,2838,,
,,12:52:44,2841,,
,,12:52:44,2840,,
,,12:52:44,2831,,
,,12:52:44,2829,,
,,12:52:44,2835,,
,,12:52:44,2828,,
,,12:52:44,2832,,
,,12:52:44,2830,,
,,12:52:44,2837,,
,,12:52:44,2833,,
,,12:52:44,2834,,
,,12:52:44,2836,,
,,12:52:44,2824,,
,,12:52:44,2822,,
,,12:52:44,2821,,
,,12:52:44,2827,,
,,12:52:44,2823,,
,,12:52:44,2825,,
,,12:52:44,2842,,
,,12:52:44,2826,,
,,12:52:44,2843,,
authentication failure,,19:15:48,3378,rhost=220.117.241.87 ,
authentication failure,,19:15:48,3380,rhost=220.117.241.87 ,
authentication failure,,19:15:49,3382,rhost=220.117.241.87 ,
authentication failure,,19:15:51,3384,rhost=220.117.241.87 ,
authentication failure,,19:15:51,3386,rhost=220.117.241.87 ,
authentication failure,,19:15:52,3388,rhost=220.117.241.87 ,
authentication failure,,19:15:54,3390,rhost=220.117.241.87 ,
authentication failure,,19:15:54,3391,rhost=220.117.241.87 ,
authentication failure,,19:15:57,3394,rhost=220.117.241.87 ,
authentication failure,,19:15:59,3396,rhost=220.117.241.87 ,
authentication failure,,19:16:00,3399,rhost=220.117.241.87 ,
authentication failure,,19:16:00,3398,rhost=220.117.241.87 ,
authentication failure,,19:16:01,3402,rhost=220.117.241.87 ,
,,04:03:16,4474,,
,,04:03:17,4474,,
,,04:03:18,,,
,,04:09:29,5699,,
,,04:09:30,5699,,
,,13:36:28,6552,,
authentication failure,,13:36:28,6552,rhost=210.229.150.228 ,
,,13:36:28,6554,,
authentication failure,,13:36:28,6554,rhost=210.229.150.228 ,
,,13:36:33,6556,,
authentication failure,,13:36:33,6556,rhost=210.229.150.228 ,
,,13:36:36,6558,,
authentication failure,,13:36:36,6558,rhost=210.229.150.228 ,
,,13:36:37,6560,,
authentication failure,,13:36:37,6560,rhost=210.229.150.228 ,
,,13:52:21,6590,,
,,13:52:21,6582,,
,,13:52:21,6580,,
,,13:52:21,6589,,
,,13:52:21,6586,,
,,13:52:21,6591,,
,,13:52:21,6587,,
,,13:52:21,6583,,
,,13:52:21,6588,,
,,13:52:21,6581,,
,,13:52:21,6585,,
,,13:52:21,6592,,
,,13:52:21,6584,,
,,13:52:23,6593,,
,,13:52:23,6595,,
,,13:52:23,6594,,
,,13:52:23,6596,,
,,13:52:23,6597,,
,,13:52:23,6598,,
,,13:52:23,6600,,
,,13:52:23,6601,,
,,13:52:23,6602,,
,,13:52:23,6599,,
authentication failure,,02:22:31,7694,rhost=218.16.122.48 ,
authentication failure,,02:22:32,7702,rhost=218.16.122.48 ,
authentication failure,,02:22:32,7697,rhost=218.16.122.48 ,
authentication failure,,02:22:32,7696,rhost=218.16.122.48 ,
authentication failure,,02:22:33,7704,rhost=218.16.122.48 ,
,,04:03:08,8195,,
,,04:03:09,8195,,
,,04:03:10,,,
,,04:08:43,8565,,
,,04:08:44,8565,,
,,18:00:56,9772,,
,,18:00:56,9773,,
,,18:00:56,9777,,
,,18:00:56,9774,,
,,18:00:56,9775,,
,,18:00:56,9769,,
,,18:00:56,9776,,
,,18:00:56,9771,,
,,18:00:56,9770,,
,,18:00:56,9765,,
,,18:00:56,9764,,
,,18:00:56,9757,,
,,18:00:56,9766,,
,,18:00:56,9758,,
,,18:00:56,9759,,
,,18:00:56,9760,,
,,18:00:56,9761,,
,,18:00:56,9762,,
,,18:00:56,9767,,
,,18:00:56,9763,,
,,18:00:56,9768,,
,,18:00:57,9778,,
,,18:00:57,9779,,
,,04:04:31,1096,,
,,04:04:32,1096,,
,,04:04:33,,,
,,04:10:44,1219,,
,,04:10:45,1219,,
,,07:18:12,1251,,
,,07:18:12,1251,,
,,07:18:12,1251,,
,,07:18:12,1252,,
,,07:18:12,1252,,
,,07:18:12,1251,,
,,07:18:13,1252,,
,,07:18:13,1252,,
,,07:18:13,1252,,
,,07:18:13,1252,,
,,07:18:14,1252,,
,,07:18:14,1252,,
,,08:06:12,2094,,
,,08:06:12,2094,,
,,08:06:15,2421,,
,,08:06:15,2421,,
,,08:09:10,2421,,
,,08:09:11,1275,,
,,08:09:11,1275,,
,,08:09:11,1277,,
,,08:09:11,1277,,
,,08:09:11,1278,,
,,08:09:11,1279,,
,,08:09:11,1279,,
,,08:09:11,1279,,
,,14:18:55,1331,,
authentication failure,,14:18:55,1331,rhost=c9063558.virtua.com.br ,
,,14:18:57,1332,,
authentication failure,,14:18:57,1332,rhost=c9063558.virtua.com.br ,
,,14:18:58,1331,,
authentication failure,,14:18:58,1331,rhost=c9063558.virtua.com.br ,
,,14:18:59,1332,,
authentication failure,,14:18:59,1332,rhost=c9063558.virtua.com.br ,
,,16:33:52,1352,,
,,16:33:52,1351,,
,,16:33:52,1351,,
,,16:33:52,1351,,
,,16:33:52,1351,,
,,16:33:52,1351,,
,,16:33:52,1351,,
,,16:33:52,1352,,
,,16:33:52,1351,,
,,16:33:52,1352,,
,,16:33:52,1351,,
,,16:33:52,1351,,
,,23:09:45,1410,,
,,23:09:45,1410,,
,,23:09:45,1410,,
,,23:09:45,1410,,
,,23:09:45,1410,,
,,23:09:45,1410,,
,,23:09:45,1410,,
,,23:09:45,1411,,
,,23:09:45,1411,,
,,23:09:45,1411,,
,,23:09:45,1411,,
,,23:09:45,1411,,
,,23:09:45,1411,,
,,23:09:45,1411,,
,,23:09:45,1411,,
,,23:09:45,1411,,
,,23:09:45,1411,,
,,23:09:47,1412,,
,,23:09:50,1412,,
,,04:04:19,1494,,
,,04:04:19,1494,,
,,04:04:20,,,
,,04:12:07,1959,,
,,04:12:08,1959,,
authentication failure,,20:14:55,2096,rhost=212.0.132.20 ,
authentication failure,,20:14:56,2096,rhost=212.0.132.20 ,
authentication failure,,20:14:56,2096,rhost=212.0.132.20 ,
authentication failure,,20:14:56,2096,rhost=212.0.132.20 ,
,,04:04:23,2199,,
,,04:04:24,2199,,
,,04:04:25,,,
,,04:10:11,2236,,
,,04:10:12,2236,,
,,11:35:59,2302,,
,,11:35:59,2302,,
,,11:35:59,2302,,
,,11:35:59,2303,,
,,11:35:59,2303,,
,,11:35:59,2303,,
,,11:35:59,2303,,
,,11:35:59,2303,,
,,11:35:59,2303,,
,,11:35:59,2302,,
,,11:35:59,2303,,
,,11:35:59,2304,,
,,11:35:59,2304,,
,,11:35:59,2304,,
,,11:35:59,2304,,
,,11:35:59,2304,,
,,11:35:59,2304,,
,,11:35:59,2303,,
,,11:35:59,2304,,
,,11:35:59,2304,,
,,11:35:59,2303,,
,,11:35:59,2304,,
,,11:35:59,2303,,
,,12:16:49,2314,,
,,12:16:49,2314,,
,,12:16:49,2314,,
,,12:16:49,2314,,
,,12:16:49,2314,,
,,12:16:49,2314,,
,,12:16:49,2314,,
,,12:16:49,2314,,
,,12:16:49,2314,,
,,12:16:49,2315,,
,,12:16:49,2314,,
,,12:16:51,2315,,
,,12:16:51,2315,,
,,12:16:51,2315,,
,,12:16:51,2315,,
,,12:16:51,2315,,
,,12:16:52,2315,,
,,12:16:52,2315,,
,,12:59:44,2320,,
,,12:59:44,2321,,
,,12:59:44,2321,,
,,12:59:44,2320,,
,,12:59:44,2321,,
,,12:59:44,2320,,
,,12:59:44,2320,,
,,12:59:44,2320,,
,,12:59:44,2320,,
,,12:59:44,2321,,
,,12:59:44,2321,,
,,12:59:44,2321,,
,,12:59:44,2321,,
,,12:59:44,2321,,
,,12:59:44,2321,,
,,12:59:44,2322,,
,,12:59:44,2321,,
,,12:59:44,2322,,
,,12:59:45,2322,,
,,12:59:45,2322,,
,,12:59:45,2322,,
,,12:59:45,2322,,
,,12:59:45,2322,,
authentication failure,,19:34:06,2378,rhost=p15105218.pureserver.info ,
authentication failure,,19:34:06,2378,rhost=p15105218.pureserver.info ,
authentication failure,,19:34:06,2378,rhost=p15105218.pureserver.info ,
authentication failure,,19:34:07,2378,rhost=p15105218.pureserver.info ,
authentication failure,,19:34:09,2378,rhost=p15105218.pureserver.info ,
authentication failure,,19:34:09,2379,rhost=p15105218.pureserver.info ,
authentication failure,,19:34:10,2379,rhost=p15105218.pureserver.info ,
authentication failure,,19:34:12,2379,rhost=p15105218.pureserver.info ,
authentication failure,,19:34:13,2379,rhost=p15105218.pureserver.info ,
authentication failure,,19:34:14,2379,rhost=p15105218.pureserver.info ,
,,22:53:19,2408,,
,,22:53:19,2408,,
,,22:53:19,2408,,
,,22:53:19,2408,,
,,22:53:19,2409,,
,,22:53:19,2409,,
,,22:53:22,2408,,
,,22:53:22,2407,,
,,22:53:22,2407,,
,,22:53:22,2408,,
,,22:53:22,2406,,
,,22:53:22,2407,,
,,22:53:22,2407,,
,,22:53:22,2407,,
,,22:53:22,2407,,
,,22:53:22,2407,,
,,22:53:22,2407,,
,,22:53:22,2408,,
,,22:53:22,2408,,
,,22:53:22,2407,,
,,22:53:22,2408,,
,,22:53:22,2408,,
,,22:53:22,2407,,
,Jul 10,03:55:15,2451,,
,Jul 10,03:55:15,2451,,
,Jul 10,03:55:15,2451,,
,Jul 10,03:55:15,2451,,
,Jul 10,03:55:15,2451,,
,Jul 10,03:55:15,2451,,
,Jul 10,03:55:15,2451,,
,Jul 10,03:55:15,2452,,
,Jul 10,03:55:15,2452,,
,Jul 10,03:55:15,2452,,
,Jul 10,03:55:15,2451,,
,Jul 10,03:55:15,2452,,
,Jul 10,03:55:15,2452,,
,Jul 10,03:55:15,2452,,
,Jul 10,03:55:15,2452,,
,Jul 10,03:55:15,2452,,
,Jul 10,03:55:15,2452,,
,Jul 10,03:55:15,2452,,
,Jul 10,03:55:15,2453,,
,Jul 10,03:55:15,2453,,
,Jul 10,03:55:15,2453,,
,Jul 10,03:55:15,2453,,
,Jul 10,03:55:15,2453,,
,Jul 10,04:04:31,2489,,
,Jul 10,04:04:32,2489,,
,Jul 10,04:04:33,,,
,Jul 10,04:04:39,,,
,Jul 10,04:04:46,,,
,Jul 10,04:04:46,,,
,Jul 10,04:10:47,2635,,
,Jul 10,04:10:47,2635,,
,Jul 10,07:24:24,2972,,
,Jul 10,07:24:24,2972,,
,Jul 10,07:24:24,2971,,
,Jul 10,07:24:24,2972,,
,Jul 10,07:24:24,2972,,
,Jul 10,07:24:24,2971,,
,Jul 10,07:24:24,2971,,
,Jul 10,07:24:24,2972,,
,Jul 10,07:24:24,2972,,
,Jul 10,07:24:24,2972,,
,Jul 10,07:24:24,2972,,
,Jul 10,07:24:34,2972,,
,Jul 10,07:24:34,2973,,
,Jul 10,07:24:34,2973,,
,Jul 10,07:24:34,2973,,
,Jul 10,07:24:34,2972,,
,Jul 10,07:24:34,2973,,
,Jul 10,07:24:34,2973,,
,Jul 10,07:24:34,2973,,
,Jul 10,07:24:34,2973,,
,Jul 10,07:24:34,2973,,
,Jul 10,07:24:34,2973,,
,Jul 10,07:24:34,2973,,
,Jul 10,13:17:22,3027,,
,Jul 10,13:17:22,3027,,
,Jul 10,13:17:22,3027,,
,Jul 10,13:17:22,3029,,
,Jul 10,13:17:22,3029,,
,Jul 10,13:17:22,3027,,
,Jul 10,13:17:22,3028,,
,Jul 10,13:17:22,3029,,
,Jul 10,13:17:22,3028,,
,Jul 10,13:17:22,3028,,
,Jul 10,13:17:22,3028,,
,Jul 10,13:17:22,3028,,
,Jul 10,13:17:22,3029,,
,Jul 10,13:17:22,3029,,
,Jul 10,13:17:22,3029,,
,Jul 10,13:17:22,3028,,
,Jul 10,13:17:22,3028,,
,Jul 10,13:17:22,3028,,
,Jul 10,13:17:22,3028,,
,Jul 10,13:17:22,3029,,
,Jul 10,13:17:22,3028,,
,Jul 10,13:17:22,3029,,
,Jul 10,13:17:22,3029,,
authentication failure,Jul 10,16:01:43,3053,rhost=150.183.249.110 ,
authentication failure,Jul 10,16:01:44,3053,rhost=150.183.249.110 ,
authentication failure,Jul 10,16:01:45,3053,rhost=150.183.249.110 ,
authentication failure,Jul 10,16:01:45,3053,rhost=150.183.249.110 ,
authentication failure,Jul 10,16:01:46,3053,rhost=150.183.249.110 ,
authentication failure,Jul 10,16:01:47,3054,rhost=150.183.249.110 ,
authentication failure,Jul 10,16:01:48,3054,rhost=150.183.249.110 ,
authentication failure,Jul 10,16:01:48,3054,rhost=150.183.249.110 ,
authentication failure,Jul 10,16:01:48,3054,rhost=150.183.249.110 ,
authentication failure,Jul 10,16:01:49,3054,rhost=150.183.249.110 ,
authentication failure,Jul 10,16:01:56,3055,rhost=150.183.249.110 ,
authentication failure,Jul 10,16:01:57,3055,rhost=150.183.249.110 ,
authentication failure,Jul 10,16:01:58,3055,rhost=150.183.249.110 ,
authentication failure,Jul 10,16:01:58,3055,rhost=150.183.249.110 ,
authentication failure,Jul 10,16:01:59,3055,rhost=150.183.249.110 ,
authentication failure,Jul 10,16:01:59,3056,rhost=150.183.249.110 ,
authentication failure,Jul 10,16:02:01,3056,rhost=150.183.249.110 ,
authentication failure,Jul 10,16:02:01,3056,rhost=150.183.249.110 ,
authentication failure,Jul 10,16:02:01,3056,rhost=150.183.249.110 ,
authentication failure,Jul 10,16:02:02,3056,rhost=150.183.249.110 ,
authentication failure,Jul 10,16:02:08,3057,rhost=150.183.249.110 ,
authentication failure,Jul 10,16:02:09,3057,rhost=150.183.249.110 ,
authentication failure,Jul 10,16:02:10,3057,rhost=150.183.249.110 ,
authentication failure,Jul 10,16:02:10,3057,rhost=150.183.249.110 ,
authentication failure,Jul 10,16:02:12,3058,rhost=150.183.249.110 ,
authentication failure,Jul 10,16:02:12,3057,rhost=150.183.249.110 ,
authentication failure,Jul 10,16:02:13,3058,rhost=150.183.249.110 ,
authentication failure,Jul 10,16:02:14,3058,rhost=150.183.249.110 ,
authentication failure,Jul 10,16:02:14,3058,rhost=150.183.249.110 ,
authentication failure,Jul 10,16:02:14,3058,rhost=150.183.249.110 ,
authentication failure,Jul 10,16:02:21,3059,rhost=150.183.249.110 ,
authentication failure,Jul 10,16:02:21,3059,rhost=150.183.249.110 ,
authentication failure,Jul 10,16:02:23,3059,rhost=150.183.249.110 ,
authentication failure,Jul 10,16:02:23,3059,rhost=150.183.249.110 ,
authentication failure,Jul 10,16:02:24,3059,rhost=150.183.249.110 ,
authentication failure,Jul 10,16:02:25,3059,rhost=150.183.249.110 ,
authentication failure,Jul 10,16:02:26,3060,rhost=150.183.249.110 ,
authentication failure,Jul 10,16:02:27,3060,rhost=150.183.249.110 ,
authentication failure,Jul 10,16:02:27,3060,rhost=150.183.249.110 ,
authentication failure,Jul 10,16:02:27,3060,rhost=150.183.249.110 ,
authentication failure,Jul 10,16:02:33,3061,rhost=150.183.249.110 ,
authentication failure,Jul 10,16:02:34,3061,rhost=150.183.249.110 ,
authentication failure,Jul 10,16:02:35,3061,rhost=150.183.249.110 ,
authentication failure,Jul 10,16:02:35,3061,rhost=150.183.249.110 ,
authentication failure,Jul 10,16:02:36,3061,rhost=150.183.249.110 ,
authentication failure,Jul 10,16:02:37,3062,rhost=150.183.249.110 ,
authentication failure,Jul 10,16:02:39,3062,rhost=150.183.249.110 ,
authentication failure,Jul 10,16:02:39,3062,rhost=150.183.249.110 ,
authentication failure,Jul 10,16:02:40,3062,rhost=150.183.249.110 ,
authentication failure,Jul 10,16:02:40,3062,rhost=150.183.249.110 ,
authentication failure,Jul 10,16:02:45,3063,rhost=150.183.249.110 ,
authentication failure,Jul 10,16:02:46,3063,rhost=150.183.249.110 ,
authentication failure,Jul 10,16:02:47,3063,rhost=150.183.249.110 ,
authentication failure,Jul 10,16:02:47,3063,rhost=150.183.249.110 ,
authentication failure,Jul 10,16:02:49,3063,rhost=150.183.249.110 ,
authentication failure,Jul 10,16:02:50,3064,rhost=150.183.249.110 ,
authentication failure,Jul 10,16:02:52,3064,rhost=150.183.249.110 ,
authentication failure,Jul 10,16:02:52,3064,rhost=150.183.249.110 ,
authentication failure,Jul 10,16:02:52,3064,rhost=150.183.249.110 ,
authentication failure,Jul 10,16:02:53,3064,rhost=150.183.249.110 ,
authentication failure,Jul 10,16:02:57,3065,rhost=150.183.249.110 ,
authentication failure,Jul 10,16:02:58,3065,rhost=150.183.249.110 ,
authentication failure,Jul 10,16:03:00,3065,rhost=150.183.249.110 ,
authentication failure,Jul 10,16:03:00,3065,rhost=150.183.249.110 ,
authentication failure,Jul 10,16:03:01,3065,rhost=150.183.249.110 ,
authentication failure,Jul 10,16:03:03,3066,rhost=150.183.249.110 ,
authentication failure,Jul 10,16:03:05,3066,rhost=150.183.249.110 ,
authentication failure,Jul 10,16:03:05,3066,rhost=150.183.249.110 ,
authentication failure,Jul 10,16:03:05,3066,rhost=150.183.249.110 ,
authentication failure,Jul 10,16:03:05,3066,rhost=150.183.249.110 ,
authentication failure,Jul 10,16:03:10,3067,rhost=150.183.249.110 ,
authentication failure,Jul 10,16:03:11,3067,rhost=150.183.249.110 ,
authentication failure,Jul 10,16:03:12,3067,rhost=150.183.249.110 ,
authentication failure,Jul 10,16:03:12,3067,rhost=150.183.249.110 ,
authentication failure,Jul 10,16:03:13,3067,rhost=150.183.249.110 ,
authentication failure,Jul 10,16:03:16,3068,rhost=150.183.249.110 ,
authentication failure,Jul 10,16:03:18,3068,rhost=150.183.249.110 ,
authentication failure,Jul 10,16:03:18,3068,rhost=150.183.249.110 ,
authentication failure,Jul 10,16:03:18,3068,rhost=150.183.249.110 ,
authentication failure,Jul 10,16:03:18,3068,rhost=150.183.249.110 ,
authentication failure,Jul 10,16:33:01,3072,rhost=211.214.161.141 ,
authentication failure,Jul 10,16:33:01,3072,rhost=211.214.161.141 ,
authentication failure,Jul 10,16:33:02,3073,rhost=211.214.161.141 ,
authentication failure,Jul 10,16:33:02,3073,rhost=211.214.161.141 ,
authentication failure,Jul 10,16:33:02,3073,rhost=211.214.161.141 ,
authentication failure,Jul 10,16:33:03,3073,rhost=211.214.161.141 ,
authentication failure,Jul 10,16:33:03,3073,rhost=211.214.161.141 ,
authentication failure,Jul 10,16:33:04,3074,rhost=211.214.161.141 ,
authentication failure,Jul 10,16:33:05,3074,rhost=211.214.161.141 ,
authentication failure,Jul 10,16:33:05,3072,rhost=211.214.161.141 ,
authentication failure,Jul 11,03:46:14,3185,rhost=82.77.200.128 ,
authentication failure,Jul 11,03:46:15,3184,rhost=82.77.200.128 ,
authentication failure,Jul 11,03:46:15,3185,rhost=82.77.200.128 ,
authentication failure,Jul 11,03:46:15,3186,rhost=82.77.200.128 ,
authentication failure,Jul 11,03:46:15,3185,rhost=82.77.200.128 ,
authentication failure,Jul 11,03:46:15,3185,rhost=82.77.200.128 ,
authentication failure,Jul 11,03:46:16,3186,rhost=82.77.200.128 ,
authentication failure,Jul 11,03:46:17,3185,rhost=82.77.200.128 ,
authentication failure,Jul 11,03:46:17,3185,rhost=82.77.200.128 ,
authentication failure,Jul 11,03:46:19,3186,rhost=82.77.200.128 ,
,Jul 11,04:03:03,3223,,
,Jul 11,04:03:04,3223,,
,Jul 11,04:03:05,,,
,Jul 11,04:08:37,3260,,
,Jul 11,04:08:38,3260,,
,Jul 11,11:33:13,2803,,
authentication failure,Jul 11,11:33:13,2803,rhost= ,
,Jul 11,11:33:17,2803,,
authentication failure,Jul 11,17:58:16,1325,rhost=211.137.205.253 ,
authentication failure,Jul 11,17:58:16,1329,rhost=211.137.205.253 ,
authentication failure,Jul 11,17:58:16,1327,rhost=211.137.205.253 ,
authentication failure,Jul 11,17:58:19,1331,rhost=211.137.205.253 ,
authentication failure,Jul 11,17:58:20,1333,rhost=211.137.205.253 ,
authentication failure,Jul 11,17:58:21,1335,rhost=211.137.205.253 ,
authentication failure,Jul 11,17:58:21,1337,rhost=211.137.205.253 ,
authentication failure,Jul 11,17:58:21,1338,rhost=211.137.205.253 ,
authentication failure,Jul 11,17:58:22,1341,rhost=211.137.205.253 ,
authentication failure,Jul 11,17:58:23,1343,rhost=211.137.205.253 ,
,Jul 12,04:03:40,2605,,
,Jul 12,04:03:41,2605,,
,Jul 12,04:03:42,,,
,Jul 12,04:09:49,3833,,
,Jul 12,04:09:50,3833,,
authentication failure,Jul 12,06:09:43,4048,rhost=68.143.156.89.nw.nuvox.net ,
authentication failure,Jul 12,06:09:44,4053,rhost=68.143.156.89.nw.nuvox.net ,
authentication failure,Jul 12,06:09:44,4052,rhost=68.143.156.89.nw.nuvox.net ,
authentication failure,Jul 12,06:09:44,4054,rhost=68.143.156.89.nw.nuvox.net ,
authentication failure,Jul 12,06:09:44,4050,rhost=68.143.156.89.nw.nuvox.net ,
authentication failure,Jul 12,06:09:44,4061,rhost=68.143.156.89.nw.nuvox.net ,
authentication failure,Jul 12,06:09:44,4064,rhost=68.143.156.89.nw.nuvox.net ,
authentication failure,Jul 12,06:09:45,4058,rhost=68.143.156.89.nw.nuvox.net ,
authentication failure,Jul 12,06:09:45,4059,rhost=68.143.156.89.nw.nuvox.net ,
authentication failure,Jul 12,06:09:45,4065,rhost=68.143.156.89.nw.nuvox.net ,
,Jul 13,04:04:44,6486,,
,Jul 13,04:04:45,6486,,
,Jul 13,04:04:45,,,
,Jul 13,04:10:41,6863,,
,Jul 13,04:10:41,6863,,
,Jul 13,17:22:28,8113,,
,Jul 13,17:22:28,8114,,
,Jul 13,17:22:29,8113,,
,Jul 13,17:22:29,8114,,
,Jul 13,17:22:29,8117,,
,Jul 13,17:22:29,8117,,
,Jul 14,04:08:24,9355,,
,Jul 14,04:08:25,9355,,
,Jul 14,04:08:25,,,
,Jul 14,04:14:38,1058,,
,Jul 14,04:14:39,1058,,
authentication failure,Jul 14,14:59:42,1170,rhost=202-132-40-29.adsl.ttn.net ,
authentication failure,Jul 14,14:59:56,1170,rhost=202-132-40-29.adsl.ttn.net ,
authentication failure,Jul 14,15:00:09,1171,rhost=202-132-40-29.adsl.ttn.net ,
authentication failure,Jul 14,15:00:22,1171,rhost=202-132-40-29.adsl.ttn.net ,
authentication failure,Jul 14,15:00:36,1172,rhost=202-132-40-29.adsl.ttn.net ,
authentication failure,Jul 14,15:00:49,1172,rhost=202-132-40-29.adsl.ttn.net ,
authentication failure,Jul 14,15:01:03,1172,rhost=202-132-40-29.adsl.ttn.net ,
authentication failure,Jul 14,15:01:16,1174,rhost=202-132-40-29.adsl.ttn.net ,
authentication failure,Jul 15,01:03:48,1263,rhost=c51471f2c.cable.wanadoo.nl ,
authentication failure,Jul 15,01:03:48,1262,rhost=c51471f2c.cable.wanadoo.nl ,
authentication failure,Jul 15,01:03:48,1263,rhost=c51471f2c.cable.wanadoo.nl ,
authentication failure,Jul 15,01:03:48,1262,rhost=c51471f2c.cable.wanadoo.nl ,
authentication failure,Jul 15,01:03:48,1262,rhost=c51471f2c.cable.wanadoo.nl ,
authentication failure,Jul 15,01:03:48,1263,rhost=c51471f2c.cable.wanadoo.nl ,
authentication failure,Jul 15,01:03:49,1264,rhost=c51471f2c.cable.wanadoo.nl ,
authentication failure,Jul 15,01:03:49,1264,rhost=c51471f2c.cable.wanadoo.nl ,
authentication failure,Jul 15,01:03:50,1263,rhost=c51471f2c.cable.wanadoo.nl ,
authentication failure,Jul 15,01:03:50,1264,rhost=c51471f2c.cable.wanadoo.nl ,
,Jul 15,04:05:02,1323,,
,Jul 15,04:05:02,1323,,
,Jul 15,04:05:03,,,
,Jul 15,04:10:45,1361,,
,Jul 15,04:10:46,1361,,
,Jul 15,23:42:43,1533,,
,Jul 15,23:42:43,1533,,
,Jul 15,23:42:43,1533,,
,Jul 15,23:42:43,1533,,
,Jul 15,23:42:43,1533,,
,Jul 15,23:42:43,1533,,
,Jul 15,23:42:43,1534,,
,Jul 15,23:42:43,1534,,
,Jul 15,23:42:43,1532,,
,Jul 15,23:42:43,1533,,
,Jul 15,23:42:43,1532,,
,Jul 15,23:42:43,1533,,
,Jul 15,23:42:43,1532,,
,Jul 15,23:42:43,1532,,
,Jul 15,23:42:43,1532,,
,Jul 15,23:42:43,1533,,
,Jul 15,23:42:43,1532,,
,Jul 15,23:42:43,1532,,
,Jul 15,23:42:43,1532,,
,Jul 15,23:42:43,1532,,
,Jul 15,23:42:43,1533,,
,Jul 15,23:42:44,1534,,
,Jul 16,04:07:32,1605,,
,Jul 16,04:07:33,1605,,
,Jul 16,04:07:34,,,
,Jul 16,04:13:59,1728,,
,Jul 16,04:14:00,1728,,
,Jul 16,08:14:04,1766,,
,Jul 16,08:14:04,1767,,
,Jul 16,08:14:04,1766,,
,Jul 16,08:14:07,1767,,
,Jul 16,08:14:07,1766,,
,Jul 16,08:14:07,1767,,
,Jul 16,08:14:07,1768,,
,Jul 16,08:14:07,1768,,
,Jul 16,08:14:07,1767,,
,Jul 16,08:14:07,1768,,
,Jul 16,08:14:07,1767,,
,Jul 16,08:14:07,1767,,
,Jul 16,08:14:07,1768,,
,Jul 16,08:14:07,1767,,
,Jul 16,08:14:07,1768,,
,Jul 16,08:14:07,1768,,
,Jul 16,08:14:07,1768,,
,Jul 16,08:14:07,1768,,
,Jul 16,08:14:07,1768,,
,Jul 16,08:14:07,1767,,
,Jul 16,08:14:07,1767,,
,Jul 16,08:14:07,1768,,
,Jul 16,08:14:07,1767,,
,Jul 17,04:06:32,1967,,
,Jul 17,04:06:32,1967,,
,Jul 17,04:08:08,1968,,
,Jul 17,04:08:09,1968,,
,Jul 17,04:08:10,,,
,Jul 17,04:08:16,,,
,Jul 17,04:08:23,,,
,Jul 17,04:08:23,,,
,Jul 17,04:13:57,2028,,
,Jul 17,04:13:58,2028,,
,Jul 17,06:13:37,2357,,
,Jul 17,06:13:37,2357,,
,Jul 17,06:13:37,2357,,
,Jul 17,06:13:37,2357,,
,Jul 17,06:13:37,2357,,
,Jul 17,06:13:37,2357,,
,Jul 17,06:13:37,2357,,
,Jul 17,06:13:37,2357,,
,Jul 17,06:13:37,2356,,
,Jul 17,06:13:37,2356,,
,Jul 17,06:13:37,2357,,
,Jul 17,06:13:37,2356,,
,Jul 17,06:13:37,2356,,
,Jul 17,06:13:37,2356,,
,Jul 17,06:13:38,2356,,
,Jul 17,06:13:38,2356,,
,Jul 17,06:13:38,2356,,
,Jul 17,06:13:38,2356,,
,Jul 17,06:13:38,2356,,
,Jul 17,06:14:36,2357,,
,Jul 17,06:14:36,2358,,
,Jul 17,06:14:36,2358,,
,Jul 17,06:14:36,2358,,
,Jul 17,06:14:36,2358,,
,Jul 17,06:14:36,2358,,
,Jul 17,06:14:36,2358,,
,Jul 17,06:14:36,2358,,
,Jul 17,06:14:36,2358,,
,Jul 17,06:14:36,2358,,
,Jul 17,06:14:36,2358,,
,Jul 17,08:06:12,2377,,
,Jul 17,08:06:12,2377,,
,Jul 17,08:06:12,2377,,
,Jul 17,08:06:12,2378,,
,Jul 17,08:06:12,2378,,
,Jul 17,08:06:12,2378,,
,Jul 17,08:06:12,2378,,
,Jul 17,08:06:12,2378,,
,Jul 17,08:06:12,2378,,
,Jul 17,08:06:12,2378,,
,Jul 17,08:06:12,2378,,
,Jul 17,08:06:12,2379,,
,Jul 17,08:06:12,2378,,
,Jul 17,08:06:12,2379,,
,Jul 17,08:06:12,2378,,
,Jul 17,08:06:12,2379,,
,Jul 17,08:06:12,2379,,
,Jul 17,08:06:12,2379,,
,Jul 17,08:06:12,2379,,
,Jul 17,08:06:12,2379,,
,Jul 17,08:06:12,2379,,
,Jul 17,08:06:12,2379,,
,Jul 17,08:06:14,2379,,
,Jul 17,09:44:07,2393,,
,Jul 17,09:44:07,2393,,
,Jul 17,09:44:07,2393,,
,Jul 17,09:44:07,2393,,
,Jul 17,09:44:07,2393,,
,Jul 17,09:44:07,2393,,
,Jul 17,09:44:07,2393,,
,Jul 17,09:44:07,2393,,
,Jul 17,09:44:07,2393,,
authentication failure,Jul 17,10:45:07,2403,rhost=61-220-159-99.hinet-ip.hinet.net ,
authentication failure,Jul 17,10:45:07,2403,rhost=61-220-159-99.hinet-ip.hinet.net ,
authentication failure,Jul 17,10:45:07,2403,rhost=61-220-159-99.hinet-ip.hinet.net ,
,Jul 17,12:30:35,2419,,
,Jul 17,12:30:37,2419,,
,Jul 17,12:30:42,2419,,
,Jul 17,12:30:43,2419,,
,Jul 17,12:30:43,2419,,
,Jul 17,12:30:46,2419,,
,Jul 17,12:30:47,2419,,
,Jul 17,12:30:48,2419,,
,Jul 17,12:30:48,2420,,
,Jul 17,12:30:51,2420,,
,Jul 17,12:30:53,2420,,
,Jul 17,12:30:53,2420,,
,Jul 17,12:30:54,2420,,
,Jul 17,12:30:57,2420,,
,Jul 17,12:30:57,2420,,
,Jul 17,12:30:58,2420,,
,Jul 17,12:30:58,2420,,
,Jul 17,12:30:58,2420,,
,Jul 17,12:30:59,2421,,
,Jul 17,12:30:59,2421,,
,Jul 17,12:30:59,2421,,
,Jul 17,12:31:00,2421,,
,Jul 17,12:31:04,2421,,
,Jul 17,14:02:39,2435,,
,Jul 17,14:02:43,2435,,
,Jul 17,14:02:43,2435,,
,Jul 17,14:02:44,2435,,
,Jul 17,14:02:47,2436,,
,Jul 17,14:02:48,2436,,
,Jul 17,14:02:49,2436,,
,Jul 17,14:02:49,2436,,
,Jul 17,14:02:49,2436,,
,Jul 17,14:02:49,2436,,
,Jul 17,14:02:54,2436,,
,Jul 17,14:02:54,2436,,
,Jul 17,14:02:54,2436,,
,Jul 17,14:02:55,2436,,
,Jul 17,14:02:57,2437,,
,Jul 17,14:02:59,2437,,
,Jul 17,14:02:59,2437,,
,Jul 17,14:03:00,2437,,
,Jul 17,14:03:00,2437,,
,Jul 17,14:03:00,2437,,
,Jul 17,14:03:04,2437,,
,Jul 17,14:03:04,2437,,
,Jul 17,14:03:05,2437,,
,Jul 17,15:09:15,2446,,
,Jul 17,15:09:15,2446,,
,Jul 17,15:09:15,2446,,
,Jul 17,15:09:15,2446,,
,Jul 17,15:09:15,2446,,
,Jul 17,15:09:15,2447,,
,Jul 17,15:09:15,2447,,
,Jul 17,15:09:15,2447,,
,Jul 17,15:09:15,2447,,
,Jul 17,15:09:15,2447,,
,Jul 17,15:09:15,2447,,
,Jul 17,15:09:15,2447,,
,Jul 17,15:09:15,2447,,
,Jul 17,15:09:15,2447,,
,Jul 17,15:09:15,2448,,
,Jul 17,15:09:15,2447,,
,Jul 17,15:09:15,2448,,
,Jul 17,15:09:15,2448,,
,Jul 17,15:09:16,2448,,
,Jul 17,15:09:16,2448,,
,Jul 17,15:09:16,2448,,
,Jul 17,15:09:16,2448,,
,Jul 17,15:09:17,2448,,
,Jul 17,21:23:20,2503,,
,Jul 17,21:23:20,2502,,
,Jul 17,21:23:20,2502,,
,Jul 17,21:23:20,2503,,
,Jul 17,21:23:20,2503,,
,Jul 17,21:23:20,2503,,
,Jul 17,21:23:20,2504,,
,Jul 17,21:23:20,2503,,
,Jul 17,21:23:20,2504,,
,Jul 17,21:23:20,2503,,
,Jul 17,21:23:20,2504,,
,Jul 17,21:23:20,2503,,
,Jul 17,21:23:20,2504,,
,Jul 17,21:23:20,2503,,
,Jul 17,21:23:20,2503,,
,Jul 17,21:23:20,2503,,
,Jul 17,21:23:23,2504,,
,Jul 17,21:23:24,2504,,
,Jul 17,21:23:24,2504,,
,Jul 17,21:23:24,2504,,
,Jul 17,21:23:24,2504,,
,Jul 17,21:23:24,2504,,
,Jul 17,21:23:24,2505,,
,Jul 17,23:21:50,2521,,
,Jul 17,23:21:54,2521,,
,Jul 17,23:21:54,2521,,
,Jul 17,23:21:54,2522,,
,Jul 17,23:21:54,2522,,
,Jul 17,23:21:54,2522,,
,Jul 17,23:21:54,2522,,
,Jul 17,23:21:54,2522,,
,Jul 17,23:21:54,2522,,
,Jul 17,23:21:54,2522,,
,Jul 17,23:21:54,2522,,
,Jul 17,23:21:54,2522,,
,Jul 17,23:21:54,2522,,
,Jul 17,23:21:54,2523,,
,Jul 17,23:21:54,2523,,
,Jul 17,23:21:54,2523,,
,Jul 17,23:21:54,2523,,
,Jul 17,23:21:54,2523,,
,Jul 17,23:21:54,2523,,
,Jul 17,23:21:54,2523,,
,Jul 17,23:21:54,2523,,
,Jul 17,23:21:54,2523,,
,Jul 17,23:21:54,2523,,
,Jul 18,03:26:48,2562,,
,Jul 18,03:26:48,2562,,
,Jul 18,03:26:48,2563,,
,Jul 18,03:26:48,2563,,
,Jul 18,03:26:48,2563,,
,Jul 18,03:26:48,2563,,
,Jul 18,03:26:48,2563,,
,Jul 18,03:26:48,2563,,
,Jul 18,03:26:49,2563,,
,Jul 18,03:26:49,2563,,
,Jul 18,03:26:49,2563,,
,Jul 18,03:26:49,2563,,
,Jul 18,03:26:49,2564,,
,Jul 18,03:26:49,2564,,
,Jul 18,03:26:49,2564,,
,Jul 18,03:26:49,2564,,
,Jul 18,03:26:49,2564,,
,Jul 18,03:26:49,2564,,
,Jul 18,03:26:49,2564,,
,Jul 18,03:26:49,2564,,
,Jul 18,03:26:49,2564,,
,Jul 18,04:03:24,2604,,
,Jul 18,04:03:24,2604,,
,Jul 18,04:03:25,,,
,Jul 18,04:09:29,2727,,
,Jul 18,04:09:30,2727,,
,Jul 18,23:01:25,2897,,
authentication failure,Jul 18,23:01:25,2897,rhost=211-76-104-65.ebix.net.tw ,
,Jul 18,23:01:25,2897,,
authentication failure,Jul 18,23:01:25,2897,rhost=211-76-104-65.ebix.net.tw ,
,Jul 18,23:01:25,2898,,
authentication failure,Jul 18,23:01:25,2898,rhost=211-76-104-65.ebix.net.tw ,
,Jul 18,23:01:25,2897,,
authentication failure,Jul 18,23:01:25,2897,rhost=211-76-104-65.ebix.net.tw ,
,Jul 18,23:01:26,2898,,
authentication failure,Jul 18,23:01:26,2898,rhost=211-76-104-65.ebix.net.tw ,
,Jul 18,23:01:27,2898,,
authentication failure,Jul 18,23:01:27,2898,rhost=211-76-104-65.ebix.net.tw ,
,Jul 18,23:01:27,2898,,
authentication failure,Jul 18,23:01:27,2898,rhost=211-76-104-65.ebix.net.tw ,
,Jul 18,23:01:27,2898,,
authentication failure,Jul 18,23:01:27,2898,rhost=211-76-104-65.ebix.net.tw ,
,Jul 18,23:01:27,2898,,
authentication failure,Jul 18,23:01:27,2898,rhost=211-76-104-65.ebix.net.tw ,
,Jul 18,23:01:27,2899,,
authentication failure,Jul 18,23:01:27,2899,rhost=211-76-104-65.ebix.net.tw ,
,Jul 19,04:03:43,2975,,
,Jul 19,04:03:44,2975,,
,Jul 19,04:03:45,,,
,Jul 19,04:09:28,3012,,
,Jul 19,04:09:29,3012,,
authentication failure,Jul 19,07:35:41,3050,rhost=202.181.236.180 ,
authentication failure,Jul 19,07:35:41,3051,rhost=202.181.236.180 ,
authentication failure,Jul 19,07:35:41,3049,rhost=202.181.236.180 ,
authentication failure,Jul 19,07:35:41,3050,rhost=202.181.236.180 ,
authentication failure,Jul 19,07:35:41,3050,rhost=202.181.236.180 ,
authentication failure,Jul 19,07:35:41,3050,rhost=202.181.236.180 ,
authentication failure,Jul 19,07:35:41,3050,rhost=202.181.236.180 ,
authentication failure,Jul 19,07:35:41,3049,rhost=202.181.236.180 ,
authentication failure,Jul 19,07:35:41,3051,rhost=202.181.236.180 ,
authentication failure,Jul 19,07:35:41,3050,rhost=202.181.236.180 ,
,Jul 20,04:05:02,,,
,Jul 20,04:05:03,,,
,Jul 20,04:05:04,,,
,Jul 20,04:11:27,1595,,
,Jul 20,04:11:28,1595,,
,Jul 20,23:37:40,3307,,
authentication failure,Jul 20,23:37:40,3307,rhost=218.55.234.102 ,
,Jul 20,23:37:40,3306,,
authentication failure,Jul 20,23:37:40,3306,rhost=218.55.234.102 ,
,Jul 20,23:37:40,3308,,
authentication failure,Jul 20,23:37:40,3308,rhost=218.55.234.102 ,
,Jul 20,23:37:46,3313,,
authentication failure,Jul 20,23:37:46,3313,rhost=218.55.234.102 ,
,Jul 20,23:37:46,3312,,
authentication failure,Jul 20,23:37:46,3312,rhost=218.55.234.102 ,
authentication failure,Jul 21,01:30:45,3489,rhost=210.76.59.29 ,
authentication failure,Jul 21,01:30:49,3493,rhost=210.76.59.29 ,
authentication failure,Jul 21,01:30:50,3488,rhost=210.76.59.29 ,
authentication failure,Jul 21,01:30:50,3487,rhost=210.76.59.29 ,
,Jul 21,04:11:26,4170,,
,Jul 21,04:11:27,4170,,
,Jul 21,04:11:28,,,
,Jul 21,04:16:55,4540,,
,Jul 21,04:16:55,4540,,
,Jul 21,09:04:41,5033,,
,Jul 21,09:04:41,5032,,
,Jul 21,09:04:41,5030,,
,Jul 21,09:04:41,5029,,
,Jul 21,09:04:41,5018,,
,Jul 21,09:04:41,5017,,
,Jul 21,09:04:41,5016,,
,Jul 21,09:04:41,5019,,
,Jul 21,09:04:41,5022,,
,Jul 21,09:04:41,5023,,
,Jul 21,09:04:41,5024,,
,Jul 21,09:04:41,5025,,
,Jul 21,09:04:41,5028,,
,Jul 21,09:04:41,5031,,
,Jul 21,09:04:41,5020,,
,Jul 21,09:04:41,5021,,
,Jul 21,09:04:41,5027,,
,Jul 21,09:04:41,5026,,
,Jul 21,09:04:41,5035,,
,Jul 21,09:04:41,5037,,
,Jul 21,09:04:41,5034,,
,Jul 21,09:04:41,5036,,
,Jul 21,09:04:43,5038,,
authentication failure,Jul 21,15:18:30,5587,rhost=193.110.106.11 ,
authentication failure,Jul 21,15:18:30,5586,rhost=193.110.106.11 ,
,Jul 22,04:07:46,7106,,
,Jul 22,04:07:47,7106,,
,Jul 22,04:07:47,,,
,Jul 22,04:15:14,1175,,
,Jul 22,04:15:14,1175,,
,Jul 22,09:27:24,1229,,
,Jul 22,09:27:24,1229,,
,Jul 22,09:27:24,1229,,
,Jul 22,09:27:24,1229,,
,Jul 22,09:27:24,1229,,
,Jul 22,09:27:24,1229,,
,Jul 22,09:27:24,1229,,
,Jul 22,09:27:24,1229,,
,Jul 22,09:27:24,1228,,
,Jul 22,09:27:24,1228,,
,Jul 22,09:27:24,1228,,
,Jul 22,09:27:24,1227,,
,Jul 22,09:27:24,1228,,
,Jul 22,09:27:24,1228,,
,Jul 22,09:27:24,1227,,
,Jul 22,09:27:24,1227,,
,Jul 22,09:27:24,1228,,
,Jul 22,09:27:24,1228,,
,Jul 22,09:27:24,1228,,
,Jul 22,09:27:24,1228,,
,Jul 22,09:27:24,1228,,
,Jul 22,09:27:24,1229,,
,Jul 22,09:27:24,1229,,
,Jul 22,19:29:09,1315,,
,Jul 22,19:29:09,1315,,
,Jul 22,19:29:09,1314,,
,Jul 22,19:29:09,1314,,
,Jul 22,19:29:09,1314,,
,Jul 22,19:29:09,1315,,
,Jul 22,19:29:09,1315,,
,Jul 22,19:29:09,1314,,
,Jul 22,19:29:09,1314,,
,Jul 22,19:29:09,1314,,
,Jul 22,19:29:09,1314,,
,Jul 22,19:29:09,1314,,
,Jul 22,19:29:09,1314,,
,Jul 22,19:29:09,1314,,
,Jul 22,19:29:09,1315,,
,Jul 22,19:29:09,1315,,
,Jul 22,19:29:09,1315,,
,Jul 22,19:29:09,1315,,
,Jul 22,19:29:09,1315,,
,Jul 22,19:29:09,1315,,
,Jul 22,19:29:09,1316,,
,Jul 22,19:29:09,1316,,
,Jul 22,19:29:10,1316,,
,Jul 23,04:09:35,1431,,
,Jul 23,04:09:36,1431,,
,Jul 23,04:09:37,,,
,Jul 23,04:15:13,1469,,
,Jul 23,04:15:13,1469,,
authentication failure,Jul 23,11:46:41,1538,rhost=85.44.47.166 ,
authentication failure,Jul 23,20:04:41,1615,rhost=211.9.58.217 ,
authentication failure,Jul 23,20:04:41,1615,rhost=211.9.58.217 ,
authentication failure,Jul 23,20:04:41,1615,rhost=211.9.58.217 ,
authentication failure,Jul 23,20:04:41,1615,rhost=211.9.58.217 ,
authentication failure,Jul 23,20:04:41,1616,rhost=211.9.58.217 ,
authentication failure,Jul 23,20:04:41,1615,rhost=211.9.58.217 ,
authentication failure,Jul 23,20:04:41,1616,rhost=211.9.58.217 ,
authentication failure,Jul 23,20:04:41,1615,rhost=211.9.58.217 ,
authentication failure,Jul 23,20:04:42,1616,rhost=211.9.58.217 ,
authentication failure,Jul 23,20:04:42,1615,rhost=211.9.58.217 ,
,Jul 24,02:38:22,1677,,
,Jul 24,02:38:22,1678,,
,Jul 24,02:38:22,1678,,
,Jul 24,02:38:22,1679,,
,Jul 24,02:38:22,1678,,
,Jul 24,02:38:22,1678,,
,Jul 24,02:38:22,1678,,
,Jul 24,02:38:22,1678,,
,Jul 24,02:38:22,1678,,
,Jul 24,02:38:22,1679,,
,Jul 24,02:38:22,1678,,
,Jul 24,02:38:22,1677,,
,Jul 24,02:38:22,1678,,
,Jul 24,02:38:22,1678,,
,Jul 24,02:38:22,1677,,
,Jul 24,02:38:22,1677,,
,Jul 24,02:38:22,1677,,
,Jul 24,02:38:22,1677,,
,Jul 24,02:38:22,1677,,
,Jul 24,02:38:22,1677,,
,Jul 24,02:38:22,1679,,
,Jul 24,02:38:22,1679,,
,Jul 24,02:38:22,1679,,
,Jul 24,02:38:23,1678,,
,Jul 24,02:38:23,1678,,
,Jul 24,04:20:19,1728,,
,Jul 24,04:20:19,1728,,
,Jul 24,04:20:21,,,
,Jul 24,04:20:26,,,
,Jul 24,04:20:42,,,
,Jul 24,04:20:42,,,
,Jul 24,04:33:57,2180,,
,Jul 24,04:33:58,2180,,
authentication failure,Jul 24,08:31:57,2218,rhost=203.251.225.101 ,
authentication failure,Jul 24,08:31:57,2218,rhost=203.251.225.101 ,
authentication failure,Jul 24,08:31:59,2218,rhost=203.251.225.101 ,
authentication failure,Jul 24,08:31:59,2218,rhost=203.251.225.101 ,
authentication failure,Jul 24,08:31:59,2219,rhost=203.251.225.101 ,
,Jul 24,13:46:32,2265,,
,Jul 24,13:46:32,2265,,
,Jul 24,13:46:32,2265,,
,Jul 24,13:46:32,2265,,
,Jul 24,13:46:32,2265,,
,Jul 24,13:46:32,2265,,
,Jul 24,13:46:32,2265,,
,Jul 24,13:46:32,2265,,
,Jul 24,13:46:32,2265,,
,Jul 24,13:46:34,2266,,
,Jul 24,13:46:34,2266,,
,Jul 24,13:46:34,2266,,
,Jul 24,13:46:34,2266,,
,Jul 24,13:46:34,2266,,
,Jul 24,13:46:34,2266,,
,Jul 24,13:46:34,2266,,
,Jul 24,13:46:34,2266,,
,Jul 24,13:46:34,2266,,
,Jul 24,13:46:35,2266,,
,Jul 25,04:03:58,2431,,
,Jul 25,04:03:59,2431,,
,Jul 25,04:04:00,,,
,Jul 25,04:09:32,2468,,
,Jul 25,04:09:33,2468,,
,Jul 25,06:39:18,2497,,
,Jul 25,06:39:18,2497,,
,Jul 25,06:39:18,2497,,
,Jul 25,06:39:18,2497,,
,Jul 25,06:39:18,2497,,
,Jul 25,06:39:18,2497,,
,Jul 25,06:39:18,2497,,
,Jul 25,06:39:18,2497,,
,Jul 25,06:39:18,2497,,
,Jul 25,06:39:18,2496,,
,Jul 25,06:39:18,2496,,
,Jul 25,06:39:18,2496,,
,Jul 25,06:39:18,2496,,
,Jul 25,06:39:18,2496,,
,Jul 25,06:39:18,2496,,
,Jul 25,06:39:18,2495,,
,Jul 25,06:39:18,2495,,
,Jul 25,06:39:18,2495,,
,Jul 25,06:39:18,2495,,
,Jul 25,06:39:18,2496,,
,Jul 25,06:39:18,2496,,
,Jul 25,06:39:18,2496,,
,Jul 25,06:39:18,2496,,
,Jul 25,12:09:06,2306,,
,Jul 25,12:18:50,2306,,
,Jul 25,12:27:05,2306,,
,Jul 25,12:35:24,2306,,
,Jul 25,12:54:46,2306,,
,Jul 25,13:33:41,2306,,
,Jul 25,13:41:34,2306,,
,Jul 25,13:50:24,2306,,
,Jul 25,14:00:03,2306,,
,Jul 25,14:08:28,2306,,
,Jul 25,14:17:19,2306,,
,Jul 25,14:33:46,2306,,
,Jul 25,14:48:30,2306,,
,Jul 25,14:56:13,2306,,
,Jul 25,15:50:04,2306,,
,Jul 25,16:29:20,2306,,
,Jul 25,23:23:13,2646,,
,Jul 25,23:23:13,2646,,
,Jul 25,23:23:13,2648,,
,Jul 25,23:23:13,2648,,
,Jul 25,23:23:13,2648,,
,Jul 25,23:23:13,2648,,
,Jul 25,23:24:09,2647,,
,Jul 25,23:24:09,2647,,
,Jul 25,23:24:09,2647,,
,Jul 25,23:24:09,2647,,
,Jul 25,23:24:09,2647,,
,Jul 25,23:24:09,2647,,
,Jul 25,23:24:09,2647,,
,Jul 25,23:24:09,2646,,
,Jul 25,23:24:09,2647,,
,Jul 25,23:24:09,2647,,
,Jul 25,23:24:09,2646,,
,Jul 25,23:24:09,2647,,
,Jul 25,23:24:09,2646,,
,Jul 25,23:24:09,2646,,
,Jul 25,23:24:09,2646,,
,Jul 25,23:24:09,2648,,
,Jul 25,23:24:09,2648,,
,Jul 25,23:24:09,2648,,
,Jul 25,23:24:09,2648,,
,Jul 26,04:05:22,2728,,
,Jul 26,04:05:23,2728,,
,Jul 26,04:05:24,,,
,Jul 26,04:11:23,2851,,
,Jul 26,04:11:23,2851,,
,Jul 26,05:47:42,2869,,
,Jul 26,05:47:42,2870,,
,Jul 26,05:47:42,2870,,
,Jul 26,05:47:42,2870,,
,Jul 26,05:47:42,2870,,
,Jul 26,05:47:42,2869,,
,Jul 26,05:47:42,2869,,
,Jul 26,05:47:42,2869,,
,Jul 26,05:47:42,2869,,
,Jul 26,05:47:42,2869,,
,Jul 26,05:47:42,2869,,
,Jul 26,05:47:42,2868,,
,Jul 26,05:47:42,2869,,
,Jul 26,05:47:42,2869,,
,Jul 26,05:47:42,2868,,
,Jul 26,05:47:42,2868,,
,Jul 26,05:47:42,2868,,
,Jul 26,05:47:42,2869,,
,Jul 26,05:47:51,2870,,
,Jul 26,05:47:51,2870,,
,Jul 26,05:47:51,2870,,
,Jul 26,05:47:51,2870,,
,Jul 26,05:47:51,2870,,
authentication failure,Jul 26,07:02:27,2884,rhost=207.243.167.114 ,
authentication failure,Jul 26,07:02:35,2884,rhost=207.243.167.114 ,
authentication failure,Jul 26,07:02:37,2884,rhost=207.243.167.114 ,
authentication failure,Jul 26,07:02:45,2884,rhost=207.243.167.114 ,
authentication failure,Jul 26,07:02:47,2885,rhost=207.243.167.114 ,
authentication failure,Jul 26,07:02:55,2885,rhost=207.243.167.114 ,
authentication failure,Jul 26,07:02:57,2885,rhost=207.243.167.114 ,
authentication failure,Jul 26,07:03:05,2885,rhost=207.243.167.114 ,
authentication failure,Jul 26,07:03:07,2885,rhost=207.243.167.114 ,
authentication failure,Jul 26,07:03:15,2886,rhost=207.243.167.114 ,
authentication failure,Jul 26,07:03:17,2886,rhost=207.243.167.114 ,
authentication failure,Jul 26,07:03:26,2886,rhost=207.243.167.114 ,
authentication failure,Jul 26,07:03:27,2886,rhost=207.243.167.114 ,
authentication failure,Jul 26,07:03:35,2886,rhost=207.243.167.114 ,
authentication failure,Jul 26,07:03:37,2887,rhost=207.243.167.114 ,
authentication failure,Jul 26,07:03:45,2887,rhost=207.243.167.114 ,
authentication failure,Jul 26,07:03:47,2887,rhost=207.243.167.114 ,
authentication failure,Jul 26,07:03:55,2887,rhost=207.243.167.114 ,
authentication failure,Jul 26,07:03:57,2887,rhost=207.243.167.114 ,
authentication failure,Jul 26,07:04:02,2888,rhost=207.243.167.114 ,
authentication failure,Jul 26,07:04:05,2888,rhost=207.243.167.114 ,
authentication failure,Jul 26,07:04:07,2888,rhost=207.243.167.114 ,
authentication failure,Jul 26,07:04:12,2888,rhost=207.243.167.114 ,
,Jul 27,04:16:07,3099,,
,Jul 27,04:16:08,3099,,
,Jul 27,04:16:09,,,
,Jul 27,04:21:39,3137,,
,Jul 27,04:21:40,3137,,
,Jul 27,10:59:53,3198,,
,Jul 27,14:41:57,,,
,Jul 27,14:41:57,,,
,Jul 27,14:41:57,,,
,Jul 27,14:41:57,2004,,
,Jul 27,14:41:57,,,
,Jul 27,14:41:57,0000,,
,Jul 27,14:41:57,0000,,
,Jul 27,14:41:57,0000,,
,Jul 27,14:41:57,0000,,
,Jul 27,14:41:57,0000,,
,Jul 27,14:41:57,,,
,Jul 27,14:41:57,,,
,Jul 27,14:41:57,,,
,Jul 27,14:41:57,,,
,Jul 27,14:41:57,3243,,
,Jul 27,14:41:57,4096,,
,Jul 27,14:41:57,2833,,
,Jul 27,14:41:57,,,
,Jul 27,14:41:57,,,
,Jul 27,14:41:57,,,
,Jul 27,14:41:57,2000,,
,Jul 27,14:41:57,,,
,Jul 27,14:41:57,,,
,Jul 27,14:41:57,,,
,Jul 27,14:41:57,3000,,
,Jul 27,14:41:57,,,
,Jul 27,14:41:57,0234,,
,Jul 27,14:41:57,,,
,Jul 27,14:41:57,4096,,
,Jul 27,14:41:57,,,
,Jul 27,14:41:57,1618,,
,Jul 27,14:41:57,,,
,Jul 27,14:41:58,,,
,Jul 27,14:41:58,,,
,Jul 27,14:41:58,1253,,
,Jul 27,14:41:58,1445,,
,Jul 27,14:41:58,,,
,Jul 27,14:41:58,,,
,Jul 27,14:41:58,,,
,Jul 27,14:41:58,,,
,Jul 27,14:41:58,,,
,Jul 27,14:41:58,,,
,Jul 27,14:41:58,,,
,Jul 27,14:41:58,,,
,Jul 27,14:41:58,1638,,
,Jul 27,14:41:58,8192,,
,Jul 27,14:41:58,4096,,
,Jul 27,14:41:58,,,
,Jul 27,14:41:58,,,
,Jul 27,14:41:58,,,
,Jul 27,14:41:58,,,
,Jul 27,14:41:58,,,
,Jul 27,14:41:58,,,
,Jul 27,14:41:58,,,
,Jul 27,14:41:58,,,
,Jul 27,14:41:58,,,
,Jul 27,14:41:58,,,
,Jul 27,14:41:58,,,
,Jul 27,14:41:58,,,
,Jul 27,14:41:58,,,
,Jul 27,14:41:58,2002,,
,Jul 27,14:41:58,2004,,
,Jul 27,14:41:58,,,
,Jul 27,14:41:58,,,
,Jul 27,14:41:58,,,
,Jul 27,14:41:58,,,
,Jul 27,14:41:58,,,
,Jul 27,14:41:58,,,
,Jul 27,14:41:59,,,
,Jul 27,14:41:59,,,
,Jul 27,14:41:59,,,
,Jul 27,14:41:59,0000,,
,Jul 27,14:41:59,8086,,
,Jul 27,14:41:59,,,
,Jul 27,14:41:59,,,
,Jul 27,14:41:54,,,
,Jul 27,14:41:59,1690,,
,Jul 27,14:41:59,,,
,Jul 27,14:41:59,1122,,
,Jul 27,14:41:54,,,
,Jul 27,14:41:59,,,
,Jul 27,14:41:59,1696,,
,Jul 27,14:41:59,,,
,Jul 27,14:41:54,,,
,Jul 27,14:41:59,,,
,Jul 27,14:41:59,1024,,
,Jul 27,14:41:59,,,
,Jul 27,14:41:59,,,
,Jul 27,14:41:59,,,
,Jul 27,14:42:00,,,
,Jul 27,14:42:00,,,
,Jul 27,14:42:00,,,
,Jul 27,14:42:00,,,
